{
    "axes":[
        [
            0.8691161274909973,
            0.4946078062057495,
            0.0005237593431957066
        ],
        [
            0.04456812143325806,
            -0.0772596150636673,
            -0.9960143566131592
        ],
        [
            -0.49259600043296814,
            0.8656755089759827,
            -0.08919131755828857
        ]
    ],
    "centroid":[
        [
            -1.0528172254562378
        ],
        [
            -0.575849175453186
        ],
        [
            7.102027893066406
        ]
    ],
    "part_id":1,
    "scales":[
        [
            0.8999999165534973
        ],
        [
            0.4000000059604645
        ],
        [
            0.3500000536441803
        ]
    ]
}