{
    "axes":[
        [
            0.8691161274909973,
            0.4946078062057495,
            0.0005237612640485168
        ],
        [
            0.04456812143325806,
            -0.0772596076130867,
            -0.9960143566131592
        ],
        [
            -0.49259600043296814,
            0.8656755089759827,
            -0.08919131010770798
        ]
    ],
    "centroid":[
        [
            1.1027886867523193
        ],
        [
            -0.8438054323196411
        ],
        [
            5.84649658203125
        ]
    ],
    "part_id":2,
    "scales":[
        [
            0.8999999761581421
        ],
        [
            0.4000000059604645
        ],
        [
            0.4100000858306885
        ]
    ]
}