{
    "axes":[
        [
            0.8691161274909973,
            0.4946078658103943,
            0.0005237624864093959
        ],
        [
            0.04456812143325806,
            -0.0772595927119255,
            -0.9960143566131592
        ],
        [
            -0.4925960600376129,
            0.8656755089759827,
            -0.08919129520654678
        ]
    ],
    "centroid":[
        [
            1.884993553161621
        ],
        [
            -0.8036940097808838
        ],
        [
            5.4031596183776855
        ]
    ],
    "part_id":2,
    "scales":[
        [
            0.8999999761581421
        ],
        [
            0.4000000059604645
        ],
        [
            0.4100000858306885
        ]
    ]
}