{
    "axes":[
        [
            0.8691161274909973,
            0.4946078658103943,
            0.0005237644072622061
        ],
        [
            0.04456811770796776,
            -0.07725958526134491,
            -0.9960143566131592
        ],
        [
            -0.4925960600376129,
            0.8656755089759827,
            -0.08919128775596619
        ]
    ],
    "centroid":[
        [
            1.884446382522583
        ],
        [
            0.23714125156402588
        ],
        [
            5.496364593505859
        ]
    ],
    "part_id":0,
    "scales":[
        [
            0.8999999761581421
        ],
        [
            0.4000000059604645
        ],
        [
            0.9800001978874207
        ]
    ]
}