{
    "axes":[
        [
            0.8691161274909973,
            0.4946078658103943,
            0.0005237606237642467
        ],
        [
            0.04456812143325806,
            -0.0772596001625061,
            -0.9960143566131592
        ],
        [
            -0.4925960600376129,
            0.8656755089759827,
            -0.08919130265712738
        ]
    ],
    "centroid":[
        [
            1.885218620300293
        ],
        [
            -1.2319802045822144
        ],
        [
            5.36480712890625
        ]
    ],
    "part_id":3,
    "scales":[
        [
            0.8999999761581421
        ],
        [
            0.4000000059604645
        ],
        [
            0.4500000774860382
        ]
    ]
}