{
    "axes":[
        [
            0.11744026094675064,
            -0.9930798411369324,
            0.0005235537537373602
        ],
        [
            -0.08851291984319687,
            -0.010992519557476044,
            -0.9960143566131592
        ],
        [
            0.989127516746521,
            0.11692584306001663,
            -0.08919135481119156
        ]
    ],
    "centroid":[
        [
            -1.3311128616333008
        ],
        [
            0.573240339756012
        ],
        [
            4.750553131103516
        ]
    ],
    "part_id":4,
    "scales":[
        [
            0.020000003278255463
        ],
        [
            0.02999998815357685
        ],
        [
            0.46000000834465027
        ]
    ]
}