{
    "axes":[
        [
            -0.9930799603462219,
            -0.11743982881307602,
            0.0005198733997531235
        ],
        [
            -0.010989072732627392,
            0.08851533383131027,
            -0.9960141777992249
        ],
        [
            0.11692572385072708,
            -0.9891274571418762,
            -0.08919335156679153
        ]
    ],
    "centroid":[
        [
            -1.1709469556808472
        ],
        [
            0.11819493770599365
        ],
        [
            4.2712883949279785
        ]
    ],
    "part_id":0,
    "scales":[
        [
            0.4499998390674591
        ],
        [
            0.15000002086162567
        ],
        [
            0.43000003695487976
        ]
    ]
}