{
    "axes":[
        [
            -0.8686054348945618,
            -0.4946075975894928,
            -0.02980900928378105
        ],
        [
            -0.00978036131709814,
            0.07726074755191803,
            -0.9969629645347595
        ],
        [
            0.4954085052013397,
            -0.8656758666038513,
            -0.07194652408361435
        ]
    ],
    "centroid":[
        [
            0.006114602088928223
        ],
        [
            0.5893888473510742
        ],
        [
            4.445074081420898
        ]
    ],
    "part_id":2,
    "scales":[
        [
            0.029999999329447746
        ],
        [
            0.019999999552965164
        ],
        [
            0.4600001275539398
        ]
    ]
}