{
    "axes":[
        [
            -0.4946078360080719,
            0.8691158890724182,
            0.0005239075399003923
        ],
        [
            0.0772593691945076,
            0.04456818103790283,
            -0.996014416217804
        ],
        [
            -0.8656753301620483,
            -0.4925960600376129,
            -0.08919113129377365
        ]
    ],
    "centroid":[
        [
            -0.30901825428009033
        ],
        [
            0.34143155813217163
        ],
        [
            4.360696315765381
        ]
    ],
    "part_id":5,
    "scales":[
        [
            0.44999998807907104
        ],
        [
            0.5
        ],
        [
            0.05000000819563866
        ]
    ]
}