{
    "axes":[
        [
            -0.0005232668481767178,
            -0.9906919002532959,
            0.13612310588359833
        ],
        [
            0.9960144758224487,
            -0.012657257728278637,
            -0.08829035609960556
        ],
        [
            0.08919159322977066,
            0.13553427159786224,
            0.9867500066757202
        ]
    ],
    "centroid":[
        [
            -1.8973889350891113
        ],
        [
            0.8009058237075806
        ],
        [
            4.504134178161621
        ]
    ],
    "part_id":5,
    "scales":[
        [
            0.030000004917383194
        ],
        [
            0.019999992102384567
        ],
        [
            0.4600001275539398
        ]
    ]
}