{
    "axes":[
        [
            0.9435909986495972,
            0.33111295104026794,
            0.0005237491568550467
        ],
        [
            0.03002464585006237,
            -0.08398742228746414,
            -0.9960143566131592
        ],
        [
            -0.32974928617477417,
            0.9398459196090698,
            -0.08919132500886917
        ]
    ],
    "centroid":[
        [
            1.572789192199707
        ],
        [
            0.4337201416492462
        ],
        [
            4.779863357543945
        ]
    ],
    "part_id":7,
    "scales":[
        [
            0.3899999260902405
        ],
        [
            0.4399999976158142
        ],
        [
            0.05000000819563866
        ]
    ]
}