{
    "axes":[
        [
            -0.9435911774635315,
            -0.319965660572052,
            -0.08519212156534195
        ],
        [
            -0.03002510592341423,
            0.3389139473438263,
            -0.940338134765625
        ],
        [
            0.3297486901283264,
            -0.8847368955612183,
            -0.32940322160720825
        ]
    ],
    "centroid":[
        [
            1.4826091527938843
        ],
        [
            0.5953370332717896
        ],
        [
            5.0952911376953125
        ]
    ],
    "part_id":6,
    "scales":[
        [
            0.019999993965029716
        ],
        [
            0.019999995827674866
        ],
        [
            0.3400000035762787
        ]
    ]
}