{
    "axes":[
        [
            -0.33111345767974854,
            0.9115741848945618,
            -0.2437135875225067
        ],
        [
            0.08398756384849548,
            -0.22878603637218475,
            -0.9698469042778015
        ],
        [
            -0.9398456811904907,
            -0.3415982723236084,
            -0.0008067573653534055
        ]
    ],
    "centroid":[
        [
            1.7167600393295288
        ],
        [
            0.6467716693878174
        ],
        [
            4.525026798248291
        ]
    ],
    "part_id":4,
    "scales":[
        [
            0.019999997690320015
        ],
        [
            0.019999993965029716
        ],
        [
            0.3400000035762787
        ]
    ]
}