{
    "axes":[
        [
            -0.3311134874820709,
            0.9113034605979919,
            0.24472501873970032
        ],
        [
            0.08398738503456116,
            0.2867889106273651,
            -0.954305112361908
        ],
        [
            -0.9398459792137146,
            -0.2954294979572296,
            -0.17149758338928223
        ]
    ],
    "centroid":[
        [
            1.2889068126678467
        ],
        [
            0.6329141855239868
        ],
        [
            4.67452335357666
        ]
    ],
    "part_id":3,
    "scales":[
        [
            0.019999997690320015
        ],
        [
            0.019999995827674866
        ],
        [
            0.3399999737739563
        ]
    ]
}