{
    "axes":[
        [
            0.9435909390449524,
            0.3199661374092102,
            -0.0851924866437912
        ],
        [
            0.030024688690900803,
            -0.33891332149505615,
            -0.9403383731842041
        ],
        [
            -0.32974931597709656,
            0.884736955165863,
            -0.3294024169445038
        ]
    ],
    "centroid":[
        [
            1.829708456993103
        ],
        [
            0.606624960899353
        ],
        [
            4.974015235900879
        ]
    ],
    "part_id":5,
    "scales":[
        [
            0.019999995827674866
        ],
        [
            0.019999995827674866
        ],
        [
            0.3400000035762787
        ]
    ]
}