{
    "axes":[
        [
            -0.20152458548545837,
            0.9792588353157043,
            -0.020977899432182312
        ],
        [
            0.0075983768329024315,
            -0.019853688776493073,
            -0.9997740387916565
        ],
        [
            -0.9794540405273438,
            -0.20163844525814056,
            -0.003439771942794323
        ]
    ],
    "centroid":[
        [
            0.9057291746139526
        ],
        [
            0.2847057580947876
        ],
        [
            4.800922870635986
        ]
    ],
    "part_id":1,
    "scales":[
        [
            1.2999998331069946
        ],
        [
            0.2510000467300415
        ],
        [
            0.40000006556510925
        ]
    ]
}