{
    "axes":[
        [
            -0.2015247642993927,
            0.9792588949203491,
            -0.02097790129482746
        ],
        [
            0.007598380092531443,
            -0.019853690639138222,
            -0.9997740387916565
        ],
        [
            -0.9794541001319885,
            -0.2016386240720749,
            -0.0034397731069475412
        ]
    ],
    "centroid":[
        [
            0.6628611087799072
        ],
        [
            0.7143614292144775
        ],
        [
            4.956820487976074
        ]
    ],
    "part_id":2,
    "scales":[
        [
            1.5000001192092896
        ],
        [
            0.8000001311302185
        ],
        [
            0.44999998807907104
        ]
    ]
}