{
    "axes":[
        [
            0.9792588353157043,
            0.20152446627616882,
            -0.020977899432182312
        ],
        [
            -0.019853688776493073,
            -0.007598377298563719,
            -0.9997740387916565
        ],
        [
            -0.20163831114768982,
            0.979453980922699,
            -0.0034397742711007595
        ]
    ],
    "centroid":[
        [
            0.7877936363220215
        ],
        [
            0.3594769835472107
        ],
        [
            5.591586112976074
        ]
    ],
    "part_id":0,
    "scales":[
        [
            0.8000001311302185
        ],
        [
            0.20000000298023224
        ],
        [
            0.2499999850988388
        ]
    ]
}