{
    "axes":[
        [
            0.20002761483192444,
            -0.9795656800270081,
            -0.02097790129482746
        ],
        [
            -0.007568027824163437,
            0.019865280017256737,
            -0.9997740387916565
        ],
        [
            0.9797610640525818,
            0.20014117658138275,
            -0.003439775202423334
        ]
    ],
    "centroid":[
        [
            -0.49732816219329834
        ],
        [
            0.31549543142318726
        ],
        [
            3.2902979850769043
        ]
    ],
    "part_id":2,
    "scales":[
        [
            0.25059863924980164
        ],
        [
            1.950000286102295
        ],
        [
            0.4000000059604645
        ]
    ]
}