{
    "axes":[
        [
            0.9792529940605164,
            0.2015402466058731,
            -0.021097684279084206
        ],
        [
            -0.02013005129992962,
            -0.006849750876426697,
            -0.9997739195823669
        ],
        [
            -0.20163920521736145,
            0.9794563055038452,
            -0.0026506236754357815
        ]
    ],
    "centroid":[
        [
            -0.03867626190185547
        ],
        [
            0.29433155059814453
        ],
        [
            6.997965335845947
        ]
    ],
    "part_id":1,
    "scales":[
        [
            1.3000000715255737
        ],
        [
            0.25099995732307434
        ],
        [
            0.40000003576278687
        ]
    ]
}