{
    "axes":[
        [
            0.8631787300109863,
            -0.5048982501029968,
            -1.3791636774840299e-05
        ],
        [
            -1.0185594874201342e-05,
            1.1250748684688006e-05,
            -1.0
        ],
        [
            -0.5048984289169312,
            -0.8631788492202759,
            -5.304475507728057e-06
        ]
    ],
    "centroid":[
        [
            -0.4099975824356079
        ],
        [
            0.4762521982192993
        ],
        [
            3.7088985443115234
        ]
    ],
    "part_id":0,
    "scales":[
        [
            0.8719266653060913
        ],
        [
            0.6675276160240173
        ],
        [
            0.4494668245315552
        ]
    ]
}