{
    "axes":[
        [
            0.530446469783783,
            0.8477181792259216,
            -0.00042579261935316026
        ],
        [
            5.91163689023233e-06,
            -0.0005057462840341032,
            -0.9999998211860657
        ],
        [
            0.8477184176445007,
            -0.5304466485977173,
            0.0002732358989305794
        ]
    ],
    "centroid":[
        [
            1.398650050163269
        ],
        [
            0.5143894553184509
        ],
        [
            5.071933269500732
        ]
    ],
    "part_id":0,
    "scales":[
        [
            0.9275988340377808
        ],
        [
            0.6582192182540894
        ],
        [
            0.3926583528518677
        ]
    ]
}