{
    "axes":[
        [
            -0.8820088505744934,
            0.4712325930595398,
            9.265333460461989e-07
        ],
        [
            1.3494550330506172e-06,
            4.71721614303533e-06,
            -1.0
        ],
        [
            0.4712328314781189,
            0.882008969783783,
            5.2944760682294145e-06
        ]
    ],
    "centroid":[
        [
            -0.5958362817764282
        ],
        [
            0.08018738776445389
        ],
        [
            3.387237787246704
        ]
    ],
    "part_id":0,
    "scales":[
        [
            0.9054731130599976
        ],
        [
            0.34115999937057495
        ],
        [
            0.4503157138824463
        ]
    ]
}