{
    "axes":[
        [
            0.5626206994056702,
            0.826715350151062,
            -7.407347584376112e-05
        ],
        [
            -7.143243419704959e-05,
            -4.045667083119042e-05,
            -1.0
        ],
        [
            0.8267151713371277,
            -0.5626204013824463,
            -3.2470565201947466e-05
        ]
    ],
    "centroid":[
        [
            -0.0042128413915634155
        ],
        [
            0.11350520700216293
        ],
        [
            4.785237789154053
        ]
    ],
    "part_id":0,
    "scales":[
        [
            0.8000000715255737
        ],
        [
            0.7999996542930603
        ],
        [
            0.11748170852661133
        ]
    ]
}