{
    "axes":[
        [
            -0.5365384221076965,
            -0.843876302242279,
            1.1459724191809073e-06
        ],
        [
            -1.612800247130508e-06,
            -3.250326017223415e-07,
            -1.0
        ],
        [
            -0.8438758254051208,
            0.5365378260612488,
            1.1459724191809073e-06
        ]
    ],
    "centroid":[
        [
            1.6656017303466797
        ],
        [
            0.13920922577381134
        ],
        [
            4.880134582519531
        ]
    ],
    "part_id":0,
    "scales":[
        [
            0.8684951066970825
        ],
        [
            0.18338051438331604
        ],
        [
            0.4160982668399811
        ]
    ]
}