{
    "axes":[
        [
            0.6090608835220337,
            0.7931228876113892,
            -5.134876914780762e-07
        ],
        [
            -3.221885833681881e-07,
            0.0,
            -1.0
        ],
        [
            0.7931234836578369,
            -0.6090616583824158,
            0.0
        ]
    ],
    "centroid":[
        [
            0.34859979152679443
        ],
        [
            0.39002713561058044
        ],
        [
            3.597426176071167
        ]
    ],
    "part_id":0,
    "scales":[
        [
            1.1099954843521118
        ],
        [
            0.5783856511116028
        ],
        [
            0.4643121361732483
        ]
    ]
}