{
    "axes":[
        [
            -0.15709756314754486,
            0.9875797033309937,
            0.0
        ],
        [
            0.0,
            0.0,
            -1.0
        ],
        [
            0.9875831604003906,
            0.15711896121501923,
            0.0
        ]
    ],
    "centroid":[
        [
            -0.02283385954797268
        ],
        [
            0.5288175940513611
        ],
        [
            4.7095489501953125
        ]
    ],
    "part_id":0,
    "scales":[
        [
            0.4386006295681
        ],
        [
            0.40720197558403015
        ],
        [
            0.38219475746154785
        ]
    ]
}