{
    "axes":[
        [
            -0.8414202928543091,
            0.5403820872306824,
            -1.0946305337711237e-06
        ],
        [
            1.3852320535079343e-06,
            3.674765025607485e-07,
            -1.0
        ],
        [
            0.5403812527656555,
            0.8414197564125061,
            1.2510063243098557e-06
        ]
    ],
    "centroid":[
        [
            0.8069434762001038
        ],
        [
            0.5294625163078308
        ],
        [
            5.515214920043945
        ]
    ],
    "part_id":0,
    "scales":[
        [
            0.8605726957321167
        ],
        [
            0.6487995386123657
        ],
        [
            0.3811628520488739
        ]
    ]
}