{
    "axes":[
        [
            0.5505008101463318,
            0.834834635257721,
            7.589860615553334e-05
        ],
        [
            1.0959154224110534e-06,
            9.031239460455254e-05,
            -1.0
        ],
        [
            0.834834635257721,
            -0.5505008697509766,
            -4.786273348145187e-05
        ]
    ],
    "centroid":[
        [
            0.6940889358520508
        ],
        [
            0.08029985427856445
        ],
        [
            3.455296277999878
        ]
    ],
    "part_id":0,
    "scales":[
        [
            0.8974019289016724
        ],
        [
            0.1973349153995514
        ],
        [
            0.428391695022583
        ]
    ]
}