{
    "axes":[
        [
            -0.8437671661376953,
            0.5367099046707153,
            -3.7344689189922065e-06
        ],
        [
            1.1336579746057396e-06,
            -5.5450091167585924e-06,
            -1.0
        ],
        [
            0.5367094278335571,
            0.8437668681144714,
            -3.2009731967264088e-06
        ]
    ],
    "centroid":[
        [
            1.0353007316589355
        ],
        [
            0.19674402475357056
        ],
        [
            5.86986780166626
        ]
    ],
    "part_id":0,
    "scales":[
        [
            0.8938136100769043
        ],
        [
            0.27410566806793213
        ],
        [
            0.4468989074230194
        ]
    ]
}