{
    "axes":[
        [
            0.5465666055679321,
            0.8374155163764954,
            -0.0001730570220388472
        ],
        [
            -1.9436794900684617e-05,
            -0.00019367961795069277,
            -1.0
        ],
        [
            0.8374156355857849,
            -0.5465668439865112,
            8.924777648644522e-05
        ]
    ],
    "centroid":[
        [
            0.8675248622894287
        ],
        [
            0.5025948882102966
        ],
        [
            4.354842185974121
        ]
    ],
    "part_id":0,
    "scales":[
        [
            0.8985103368759155
        ],
        [
            0.5625645518302917
        ],
        [
            0.4274277091026306
        ]
    ]
}