{
    "axes":[
        [
            -0.5628227591514587,
            -0.8265774250030518,
            5.358359089768783e-07
        ],
        [
            -6.865353725515888e-07,
            -1.9341315748988563e-07,
            -1.0
        ],
        [
            -0.8265776038169861,
            0.5628229975700378,
            1.0716718179537565e-06
        ]
    ],
    "centroid":[
        [
            1.1678310632705688
        ],
        [
            0.13022761046886444
        ],
        [
            4.2088398933410645
        ]
    ],
    "part_id":0,
    "scales":[
        [
            0.9116045236587524
        ],
        [
            0.15408632159233093
        ],
        [
            0.4449469745159149
        ]
    ]
}