{
    "axes":[
        [
            0.20002776384353638,
            -0.9795656800270081,
            -0.02097790129482746
        ],
        [
            -0.007568030618131161,
            0.019865278154611588,
            -0.9997740387916565
        ],
        [
            0.979761004447937,
            0.2001413255929947,
            -0.003439774736762047
        ]
    ],
    "centroid":[
        [
            0.6120498180389404
        ],
        [
            0.3717437982559204
        ],
        [
            3.345428228378296
        ]
    ],
    "part_id":1,
    "scales":[
        [
            0.8000001311302185
        ],
        [
            0.20000003278255463
        ],
        [
            0.25
        ]
    ]
}