{
    "axes":[
        [
            0.20002776384353638,
            -0.9795656800270081,
            -0.02097790129482746
        ],
        [
            -0.007568030618131161,
            0.019865278154611588,
            -0.9997740387916565
        ],
        [
            0.979761004447937,
            0.2001413255929947,
            -0.003439774736762047
        ]
    ],
    "centroid":[
        [
            -1.4983768463134766
        ],
        [
            0.4140004515647888
        ],
        [
            3.7796895503997803
        ]
    ],
    "part_id":0,
    "scales":[
        [
            0.8000001311302185
        ],
        [
            0.20000003278255463
        ],
        [
            0.25
        ]
    ]
}