{
    "axes":[
        [
            0.20152422785758972,
            -0.9792589545249939,
            -0.02097768522799015
        ],
        [
            -0.0075978911481797695,
            0.01985356956720352,
            -0.9997740387916565
        ],
        [
            0.9794541597366333,
            0.20163807272911072,
            -0.003439325373619795
        ]
    ],
    "centroid":[
        [
            -0.39264118671417236
        ],
        [
            0.7778939008712769
        ],
        [
            4.611855506896973
        ]
    ],
    "part_id":3,
    "scales":[
        [
            0.03999998793005943
        ],
        [
            0.040000010281801224
        ],
        [
            0.3799999952316284
        ]
    ]
}