{
    "axes":[
        [
            0.9792529940605164,
            0.2015402615070343,
            -0.021097684279084206
        ],
        [
            -0.02013005129992962,
            -0.006849751807749271,
            -0.9997739195823669
        ],
        [
            -0.20163922011852264,
            0.9794563055038452,
            -0.002650623908266425
        ]
    ],
    "centroid":[
        [
            0.01860225200653076
        ],
        [
            0.7189870476722717
        ],
        [
            6.708256721496582
        ]
    ],
    "part_id":2,
    "scales":[
        [
            1.4999998807907104
        ],
        [
            0.800000011920929
        ],
        [
            0.45000001788139343
        ]
    ]
}