{
    "axes":[
        [
            0.20154020190238953,
            -0.9792529940605164,
            -0.021097682416439056
        ],
        [
            -0.006849751807749271,
            0.02013004943728447,
            -0.9997739195823669
        ],
        [
            0.9794563055038452,
            0.20163914561271667,
            -0.0026506255380809307
        ]
    ],
    "centroid":[
        [
            0.6433448791503906
        ],
        [
            0.35606324672698975
        ],
        [
            6.580440521240234
        ]
    ],
    "part_id":0,
    "scales":[
        [
            0.7999999523162842
        ],
        [
            0.20000003278255463
        ],
        [
            0.25
        ]
    ]
}