{
    "axes":[
        [
            -0.9274632930755615,
            -0.37389686703681946,
            0.003600295167416334
        ],
        [
            -0.0379289835691452,
            0.08449634909629822,
            -0.9957016706466675
        ],
        [
            0.371985524892807,
            -0.9236132502555847,
            -0.09254878759384155
        ]
    ],
    "centroid":[
        [
            0.9229627251625061
        ],
        [
            0.05070324242115021
        ],
        [
            4.577433109283447
        ]
    ],
    "part_id":2,
    "scales":[
        [
            0.250598669052124
        ],
        [
            1.9499999284744263
        ],
        [
            0.40000003576278687
        ]
    ]
}