{
    "axes":[
        [
            -0.9274632930755615,
            -0.37389713525772095,
            0.003600255586206913
        ],
        [
            -0.03792896866798401,
            0.08449634909629822,
            -0.9957016706466675
        ],
        [
            0.3719857931137085,
            -0.9236132502555847,
            -0.09254878759384155
        ]
    ],
    "centroid":[
        [
            0.26516497135162354
        ],
        [
            0.20519313216209412
        ],
        [
            3.6940200328826904
        ]
    ],
    "part_id":0,
    "scales":[
        [
            0.8000002503395081
        ],
        [
            0.19999995827674866
        ],
        [
            0.2500000298023224
        ]
    ]
}