{
    "axes":[
        [
            -0.9792591333389282,
            -0.20152415335178375,
            -0.02097790129482746
        ],
        [
            0.01985369436442852,
            0.007598371710628271,
            -0.9997740387916565
        ],
        [
            0.20163801312446594,
            -0.9794543385505676,
            -0.003439774736762047
        ]
    ],
    "centroid":[
        [
            -0.4390460252761841
        ],
        [
            0.7440709471702576
        ],
        [
            3.564314603805542
        ]
    ],
    "part_id":3,
    "scales":[
        [
            2.3499999046325684
        ],
        [
            0.800000011920929
        ],
        [
            0.44999998807907104
        ]
    ]
}