{
    "axes":[
        [
            0.20152422785758972,
            -0.9792589545249939,
            -0.02097768522799015
        ],
        [
            -0.0075978911481797695,
            0.01985356956720352,
            -0.9997740387916565
        ],
        [
            0.9794541597366333,
            0.20163807272911072,
            -0.003439325373619795
        ]
    ],
    "centroid":[
        [
            -0.7013119459152222
        ],
        [
            0.7801221609115601
        ],
        [
            5.84670877456665
        ]
    ],
    "part_id":1,
    "scales":[
        [
            0.03999998793005943
        ],
        [
            0.040000010281801224
        ],
        [
            0.3799999952316284
        ]
    ]
}