{
    "axes":[
        [
            0.20152421295642853,
            -0.9792589545249939,
            -0.020977869629859924
        ],
        [
            -0.007598408032208681,
            0.019853653386235237,
            -0.9997740387916565
        ],
        [
            0.9794541597366333,
            0.20163807272911072,
            -0.0034398147836327553
        ]
    ],
    "centroid":[
        [
            -0.5521345734596252
        ],
        [
            0.5632839202880859
        ],
        [
            5.228498458862305
        ]
    ],
    "part_id":4,
    "scales":[
        [
            1.1958760023117065
        ],
        [
            0.5995894074440002
        ],
        [
            0.05000000074505806
        ]
    ]
}