{
    "axes":[
        [
            0.06507951766252518,
            -0.9978801608085632,
            -1.6128233255585656e-05
        ],
        [
            -3.2861073577805655e-06,
            1.6708583643776365e-05,
            -1.0
        ],
        [
            -0.9978801608085632,
            -0.06507957726716995,
            0.0
        ]
    ],
    "centroid":[
        [
            -0.6712961196899414
        ],
        [
            0.02035563811659813
        ],
        [
            3.920823812484741
        ]
    ],
    "part_id":0,
    "scales":[
        [
            2.2491583824157715
        ],
        [
            0.8383170962333679
        ],
        [
            0.15891385078430176
        ]
    ]
}