{
    "axes":[
        [
            -0.4640723466873169,
            -0.885793149471283,
            0.0
        ],
        [
            0.0,
            0.0,
            -1.0
        ],
        [
            -0.8857972621917725,
            0.4640803039073944,
            0.0
        ]
    ],
    "centroid":[
        [
            0.35609403252601624
        ],
        [
            0.42841339111328125
        ],
        [
            5.396080493927002
        ]
    ],
    "part_id":0,
    "scales":[
        [
            0.10417723655700684
        ],
        [
            0.06554657220840454
        ],
        [
            0.4595053195953369
        ]
    ]
}