{
    "axes":[
        [
            -0.9975326657295227,
            -0.07022680342197418,
            0.0
        ],
        [
            0.0,
            0.0,
            -1.0
        ],
        [
            -0.0702044740319252,
            0.9975310564041138,
            0.0
        ]
    ],
    "centroid":[
        [
            -0.046599533408880234
        ],
        [
            0.4677566587924957
        ],
        [
            6.441677570343018
        ]
    ],
    "part_id":0,
    "scales":[
        [
            0.4386011064052582
        ],
        [
            0.40720194578170776
        ],
        [
            0.3821948766708374
        ]
    ]
}