{
    "axes":[
        [
            0.10819011181592941,
            -0.9941303133964539,
            -1.2465518011595123e-05
        ],
        [
            -1.0117243618879002e-05,
            1.1250747775193304e-05,
            -1.0
        ],
        [
            -0.9941301941871643,
            -0.10818932950496674,
            8.487160812364891e-06
        ]
    ],
    "centroid":[
        [
            -1.670514464378357
        ],
        [
            0.41519126296043396
        ],
        [
            4.525540828704834
        ]
    ],
    "part_id":0,
    "scales":[
        [
            0.871925950050354
        ],
        [
            0.6675276756286621
        ],
        [
            0.4494668245315552
        ]
    ]
}