{
    "axes":[
        [
            0.061859481036663055,
            0.9980848431587219,
            0.0
        ],
        [
            0.0,
            0.0,
            -1.0
        ],
        [
            0.9980849027633667,
            -0.0618598647415638,
            0.0
        ]
    ],
    "centroid":[
        [
            0.34225979447364807
        ],
        [
            0.19842059910297394
        ],
        [
            3.642834424972534
        ]
    ],
    "part_id":0,
    "scales":[
        [
            0.4483560025691986
        ],
        [
            0.2321830540895462
        ],
        [
            0.47891783714294434
        ]
    ]
}