{
    "axes":[
        [
            -0.13688166439533234,
            0.9905874133110046,
            -1.018631701299455e-05
        ],
        [
            -1.249444903805852e-05,
            -1.1738391549442895e-05,
            -1.0
        ],
        [
            0.9905873537063599,
            0.13688188791275024,
            -1.4952392120903824e-05
        ]
    ],
    "centroid":[
        [
            0.12022330611944199
        ],
        [
            0.29418766498565674
        ],
        [
            5.136058807373047
        ]
    ],
    "part_id":0,
    "scales":[
        [
            0.5390653610229492
        ],
        [
            0.4671532213687897
        ],
        [
            0.15945179760456085
        ]
    ]
}