{
    "axes":[
        [
            -0.14644969999790192,
            0.9892181754112244,
            4.765028279507533e-06
        ],
        [
            1.3494549193637795e-06,
            4.7172266022244e-06,
            -1.0
        ],
        [
            0.9892181158065796,
            0.1464492678642273,
            2.1177902453928255e-06
        ]
    ],
    "centroid":[
        [
            -2.0395989418029785
        ],
        [
            0.01912635564804077
        ],
        [
            4.483367443084717
        ]
    ],
    "part_id":0,
    "scales":[
        [
            0.9054731726646423
        ],
        [
            0.34115922451019287
        ],
        [
            0.4503157436847687
        ]
    ]
}