{
    "axes":[
        [
            0.03501454368233681,
            0.999386727809906,
            0.0
        ],
        [
            0.0,
            0.0,
            -1.0
        ],
        [
            0.9993867874145508,
            -0.03501440957188606,
            0.0
        ]
    ],
    "centroid":[
        [
            0.09400308132171631
        ],
        [
            0.378010630607605
        ],
        [
            3.642871856689453
        ]
    ],
    "part_id":0,
    "scales":[
        [
            0.4780460596084595
        ],
        [
            0.456138551235199
        ],
        [
            0.20201390981674194
        ]
    ]
}