{
    "axes":[
        [
            -0.12070998549461365,
            0.9926877617835999,
            5.074286491435487e-06
        ],
        [
            9.649715138948523e-06,
            6.405938165698899e-06,
            -1.0
        ],
        [
            0.9926877617835999,
            0.12071042507886887,
            1.0148572982870974e-05
        ]
    ],
    "centroid":[
        [
            0.3715824782848358
        ],
        [
            0.03728581592440605
        ],
        [
            5.173381328582764
        ]
    ],
    "part_id":0,
    "scales":[
        [
            0.528118908405304
        ],
        [
            0.23261481523513794
        ],
        [
            0.37588509917259216
        ]
    ]
}