{
    "axes":[
        [
            0.9991955757141113,
            0.04010312259197235,
            -7.30587707948871e-05
        ],
        [
            -7.145106792449951e-05,
            -4.045665264129639e-05,
            -1.0
        ],
        [
            0.04010319709777832,
            -0.9991955757141113,
            4.058820559293963e-05
        ]
    ],
    "centroid":[
        [
            -0.5641176700592041
        ],
        [
            0.05244415998458862
        ],
        [
            4.840265274047852
        ]
    ],
    "part_id":0,
    "scales":[
        [
            0.800000011920929
        ],
        [
            0.800000011920929
        ],
        [
            0.11748170852661133
        ]
    ]
}