{
    "axes":[
        [
            -0.00788916740566492,
            0.9999688863754272,
            3.619701658408303e-07
        ],
        [
            1.526209530311462e-06,
            2.6147569087697775e-07,
            -1.0
        ],
        [
            0.9999688863754272,
            0.007889244705438614,
            9.652537755755475e-07
        ]
    ],
    "centroid":[
        [
            0.09859814494848251
        ],
        [
            0.5354434847831726
        ],
        [
            3.663309335708618
        ]
    ],
    "part_id":0,
    "scales":[
        [
            0.4686484634876251
        ],
        [
            0.4559096395969391
        ],
        [
            0.24700093269348145
        ]
    ]
}