{
    "axes":[
        [
            -0.962092936038971,
            0.272708922624588,
            0.0
        ],
        [
            0.0,
            0.0,
            -1.0
        ],
        [
            0.27272167801856995,
            0.9620965719223022,
            0.0
        ]
    ],
    "centroid":[
        [
            -0.1309564858675003
        ],
        [
            0.4957703649997711
        ],
        [
            5.355979919433594
        ]
    ],
    "part_id":0,
    "scales":[
        [
            0.06395439058542252
        ],
        [
            0.0439949631690979
        ],
        [
            0.27516257762908936
        ]
    ]
}