{
    "axes":[
        [
            0.6999866962432861,
            0.7141716480255127,
            0.0
        ],
        [
            0.0,
            0.0,
            -1.0
        ],
        [
            0.714155912399292,
            -0.6999706625938416,
            0.0
        ]
    ],
    "centroid":[
        [
            -0.6360171437263489
        ],
        [
            0.4677566587924957
        ],
        [
            4.810168266296387
        ]
    ],
    "part_id":0,
    "scales":[
        [
            0.4386011064052582
        ],
        [
            0.40720194578170776
        ],
        [
            0.3821948766708374
        ]
    ]
}