{
    "axes":[
        [
            -0.972265362739563,
            0.23388095200061798,
            0.0
        ],
        [
            5.94793121422299e-08,
            -1.4964306274123373e-06,
            -1.0
        ],
        [
            0.23388026654720306,
            0.9722653031349182,
            0.0
        ]
    ],
    "centroid":[
        [
            -0.706727921962738
        ],
        [
            0.34973886609077454
        ],
        [
            5.720108509063721
        ]
    ],
    "part_id":0,
    "scales":[
        [
            0.5010535717010498
        ],
        [
            0.4381433129310608
        ],
        [
            0.051262110471725464
        ]
    ]
}