{
    "axes":[
        [
            -0.7996701598167419,
            -0.6004460453987122,
            0.0
        ],
        [
            0.0,
            0.0,
            -1.0
        ],
        [
            -0.6004394888877869,
            0.7996652126312256,
            0.0
        ]
    ],
    "centroid":[
        [
            -0.07019900530576706
        ],
        [
            0.4959793984889984
        ],
        [
            4.872509956359863
        ]
    ],
    "part_id":0,
    "scales":[
        [
            0.06618738174438477
        ],
        [
            0.05368273705244064
        ],
        [
            0.2840372323989868
        ]
    ]
}