{
    "axes":[
        [
            -0.7743931412696838,
            0.6327048540115356,
            2.9680124498554505e-05
        ],
        [
            -7.145108975237235e-05,
            -4.045664536533877e-05,
            -1.0
        ],
        [
            0.6327046751976013,
            0.7743929624557495,
            -7.711759099038318e-05
        ]
    ],
    "centroid":[
        [
            -0.12037041038274765
        ],
        [
            0.05244415998458862
        ],
        [
            6.4668426513671875
        ]
    ],
    "part_id":0,
    "scales":[
        [
            0.7999997735023499
        ],
        [
            0.8000001311302185
        ],
        [
            0.11748170852661133
        ]
    ]
}