{
    "axes":[
        [
            0.9720027446746826,
            -0.23496797680854797,
            0.0
        ],
        [
            5.924772850107729e-08,
            0.0,
            -1.0
        ],
        [
            -0.2349698543548584,
            -0.9720031023025513,
            0.0
        ]
    ],
    "centroid":[
        [
            -0.6490487456321716
        ],
        [
            0.18381887674331665
        ],
        [
            5.997913837432861
        ]
    ],
    "part_id":0,
    "scales":[
        [
            0.5030120611190796
        ],
        [
            0.1608913093805313
        ],
        [
            0.4633720815181732
        ]
    ]
}