{
    "axes":[
        [
            -0.4792785942554474,
            -0.8776618838310242,
            -3.2203086448134854e-05
        ],
        [
            0.010535071603953838,
            -0.00571649381890893,
            -0.9999281167984009
        ],
        [
            -0.8775996565818787,
            0.4792461693286896,
            -0.011985810473561287
        ]
    ],
    "centroid":[
        [
            0.20627367496490479
        ],
        [
            0.5947686433792114
        ],
        [
            3.227771043777466
        ]
    ],
    "part_id":1,
    "scales":[
        [
            1.3883459568023682
        ],
        [
            0.6360650658607483
        ],
        [
            0.266529381275177
        ]
    ]
}