{
    "axes":[
        [
            -0.4987417757511139,
            -0.866750180721283,
            -3.2148585887625813e-05
        ],
        [
            0.010404922999441624,
            -0.0059500280767679214,
            -0.9999281764030457
        ],
        [
            -0.8666881918907166,
            0.49870699644088745,
            -0.011985879391431808
        ]
    ],
    "centroid":[
        [
            0.236810564994812
        ],
        [
            0.38712361454963684
        ],
        [
            3.2216808795928955
        ]
    ],
    "part_id":0,
    "scales":[
        [
            1.3278329372406006
        ],
        [
            0.6832463145256042
        ],
        [
            0.21506820619106293
        ]
    ]
}