{
    "axes":[
        [
            0.8294482827186584,
            -0.5585845708847046,
            -3.1589181162416935e-05
        ],
        [
            0.006671280134469271,
            0.009962768293917179,
            -0.9999281167984009
        ],
        [
            -0.5585436224937439,
            -0.8293877840042114,
            -0.011989939957857132
        ]
    ],
    "centroid":[
        [
            1.3210407495498657
        ],
        [
            0.34523913264274597
        ],
        [
            4.912367820739746
        ]
    ],
    "part_id":2,
    "scales":[
        [
            1.4101343154907227
        ],
        [
            0.2765880227088928
        ],
        [
            0.5811556577682495
        ]
    ]
}