{
    "axes":[
        [
            -0.5576056241989136,
            -0.8301064968109131,
            1.2973263437743299e-05
        ],
        [
            0.009959603659808636,
            -0.006706001237034798,
            -0.999927818775177
        ],
        [
            -0.8300462365150452,
            0.5575646162033081,
            -0.01200737152248621
        ]
    ],
    "centroid":[
        [
            0.45892032980918884
        ],
        [
            0.394062876701355
        ],
        [
            5.090860843658447
        ]
    ],
    "part_id":1,
    "scales":[
        [
            0.9286724925041199
        ],
        [
            0.29576554894447327
        ],
        [
            0.6294357776641846
        ]
    ]
}