{
    "axes":[
        [
            -0.8398653864860535,
            0.5427947044372559,
            -9.650803986005485e-05
        ],
        [
            -0.006408589892089367,
            -0.010094272904098034,
            -0.9999285340309143
        ],
        [
            0.5427569150924683,
            0.8398047685623169,
            -0.01195613481104374
        ]
    ],
    "centroid":[
        [
            1.0529534816741943
        ],
        [
            0.5174616575241089
        ],
        [
            4.482659816741943
        ]
    ],
    "part_id":0,
    "scales":[
        [
            1.4371693134307861
        ],
        [
            0.7480021119117737
        ],
        [
            0.28533732891082764
        ]
    ]
}