{
    "axes":[
        [
            0.12294691801071167,
            -0.9924132823944092,
            -3.691961683216505e-05
        ],
        [
            0.011883184313774109,
            0.0015092977555468678,
            -0.9999282360076904
        ],
        [
            -0.9923420548439026,
            -0.12293733656406403,
            -0.011977631598711014
        ]
    ],
    "centroid":[
        [
            -1.079016923904419
        ],
        [
            0.3274194896221161
        ],
        [
            3.186891555786133
        ]
    ],
    "part_id":0,
    "scales":[
        [
            1.1705613136291504
        ],
        [
            0.7003052830696106
        ],
        [
            0.2889854311943054
        ]
    ]
}