{
    "axes":[
        [
            -0.10147634893655777,
            0.9948379993438721,
            -3.2193103834288195e-05
        ],
        [
            -0.011920648626983166,
            -0.001248267712071538,
            -0.9999281167984009
        ],
        [
            0.9947665333747864,
            0.10146831721067429,
            -0.011986001394689083
        ]
    ],
    "centroid":[
        [
            -1.5274988412857056
        ],
        [
            0.003642284544184804
        ],
        [
            3.1072871685028076
        ]
    ],
    "part_id":1,
    "scales":[
        [
            1.200918197631836
        ],
        [
            0.20816564559936523
        ],
        [
            0.42213571071624756
        ]
    ]
}