{
    "axes":[
        [
            0.14215372502803802,
            -0.9898446202278137,
            -3.71245332644321e-05
        ],
        [
            0.011851757764816284,
            0.0017394045135006309,
            -0.9999282956123352
        ],
        [
            -0.9897736310958862,
            -0.14214323461055756,
            -0.011978193186223507
        ]
    ],
    "centroid":[
        [
            -0.9054998755455017
        ],
        [
            0.45456114411354065
        ],
        [
            2.016491413116455
        ]
    ],
    "part_id":0,
    "scales":[
        [
            1.1820940971374512
        ],
        [
            0.6479255557060242
        ],
        [
            0.4848708212375641
        ]
    ]
}