{
    "axes":[
        [
            0.14632269740104675,
            -0.9892368912696838,
            -3.223619205527939e-05
        ],
        [
            0.011852415278553963,
            0.0017855510814115405,
            -0.9999281167984009
        ],
        [
            -0.9891659021377563,
            -0.14631211757659912,
            -0.011986683122813702
        ]
    ],
    "centroid":[
        [
            -1.37418794631958
        ],
        [
            0.0343027263879776
        ],
        [
            1.9214318990707397
        ]
    ],
    "part_id":1,
    "scales":[
        [
            1.1908366680145264
        ],
        [
            0.2364923059940338
        ],
        [
            0.41417548060417175
        ]
    ]
}