{
    "axes":[
        [
            0.9332123398780823,
            0.3593256175518036,
            -3.2158091926248744e-05
        ],
        [
            -0.004336815793067217,
            0.011173970066010952,
            -0.9999281764030457
        ],
        [
            0.3592991232872009,
            -0.9331454038619995,
            -0.011985449120402336
        ]
    ],
    "centroid":[
        [
            -0.256125807762146
        ],
        [
            0.23880113661289215
        ],
        [
            4.718522548675537
        ]
    ],
    "part_id":1,
    "scales":[
        [
            0.5030120015144348
        ],
        [
            0.1608913689851761
        ],
        [
            0.4633720815181732
        ]
    ]
}