{
    "axes":[
        [
            -0.9328094720840454,
            -0.360369473695755,
            -3.226609987905249e-05
        ],
        [
            0.004349423572421074,
            -0.011170645244419575,
            -0.9999281167984009
        ],
        [
            -0.36034366488456726,
            0.9327427744865417,
            -0.0119901979342103
        ]
    ],
    "centroid":[
        [
            -0.14562739431858063
        ],
        [
            0.4078378975391388
        ],
        [
            4.459198951721191
        ]
    ],
    "part_id":0,
    "scales":[
        [
            0.5010536909103394
        ],
        [
            0.4381435215473175
        ],
        [
            0.051262129098176956
        ]
    ]
}