{
    "axes":[
        [
            -0.8808742761611938,
            -0.4733492434024811,
            -3.15059551212471e-05
        ],
        [
            0.005701620597392321,
            -0.010542877949774265,
            -0.9999281167984009
        ],
        [
            -0.473315954208374,
            0.8808118104934692,
            -0.011986165307462215
        ]
    ],
    "centroid":[
        [
            -0.7317488789558411
        ],
        [
            0.22720551490783691
        ],
        [
            4.449565887451172
        ]
    ],
    "part_id":1,
    "scales":[
        [
            0.41717663407325745
        ],
        [
            0.1423562914133072
        ],
        [
            0.5316107869148254
        ]
    ]
}