{
    "axes":[
        [
            -0.9090814590454102,
            -0.4166190028190613,
            -3.13373348035384e-05
        ],
        [
            0.00502266688272357,
            -0.010884215123951435,
            -0.9999281764030457
        ],
        [
            -0.41658809781074524,
            0.9090160727500916,
            -0.011986078694462776
        ]
    ],
    "centroid":[
        [
            -0.630811870098114
        ],
        [
            0.4211454391479492
        ],
        [
            4.2228522300720215
        ]
    ],
    "part_id":0,
    "scales":[
        [
            0.4751836359500885
        ],
        [
            0.4393811523914337
        ],
        [
            0.231097012758255
        ]
    ]
}