{
    "axes":[
        [
            -0.25844842195510864,
            -0.9660259485244751,
            -3.241535523557104e-05
        ],
        [
            0.011587202548980713,
            -0.0030665332451462746,
            -0.9999281764030457
        ],
        [
            -0.9659555554389954,
            0.2584267854690552,
            -0.011985963210463524
        ]
    ],
    "centroid":[
        [
            1.5860940217971802
        ],
        [
            0.2542286217212677
        ],
        [
            3.426541566848755
        ]
    ],
    "part_id":1,
    "scales":[
        [
            0.5030118227005005
        ],
        [
            0.16089095175266266
        ],
        [
            0.4633720815181732
        ]
    ]
}