{
    "axes":[
        [
            0.2573666274547577,
            0.9663137197494507,
            -3.2556803489569575e-05
        ],
        [
            -0.011590490117669106,
            0.003052171552553773,
            -0.9999281764030457
        ],
        [
            0.9662443399429321,
            -0.25734883546829224,
            -0.011985555291175842
        ]
    ],
    "centroid":[
        [
            1.3097740411758423
        ],
        [
            0.4193737506866455
        ],
        [
            3.49291729927063
        ]
    ],
    "part_id":0,
    "scales":[
        [
            0.5010538101196289
        ],
        [
            0.4381437301635742
        ],
        [
            0.05126209557056427
        ]
    ]
}