{
    "axes":[
        [
            -0.24625468254089355,
            -0.9691048860549927,
            -0.013962098397314548
        ],
        [
            -0.0763615295290947,
            0.033760759979486465,
            -0.9965084791183472
        ],
        [
            0.9661926031112671,
            -0.24432872235774994,
            -0.08231604844331741
        ]
    ],
    "centroid":[
        [
            -1.2590208053588867
        ],
        [
            0.23828449845314026
        ],
        [
            2.9444072246551514
        ]
    ],
    "part_id":2,
    "scales":[
        [
            0.5379501581192017
        ],
        [
            0.25099995732307434
        ],
        [
            0.4000000059604645
        ]
    ]
}