{
    "axes":[
        [
            0.24773471057415009,
            0.9687272906303406,
            -0.01396220549941063
        ],
        [
            0.07630966603755951,
            -0.03387744724750519,
            -0.9965084791183472
        ],
        [
            -0.965817928314209,
            0.24580428004264832,
            -0.08231587707996368
        ]
    ],
    "centroid":[
        [
            -0.34721651673316956
        ],
        [
            0.04940882325172424
        ],
        [
            5.102879047393799
        ]
    ],
    "part_id":2,
    "scales":[
        [
            0.2505985498428345
        ],
        [
            2.0009818077087402
        ],
        [
            0.3999999165534973
        ]
    ]
}