{
    "axes":[
        [
            0.9691047072410583,
            -0.2462540566921234,
            -0.013962184078991413
        ],
        [
            -0.03376079350709915,
            -0.07636142522096634,
            -0.9965084791183472
        ],
        [
            0.2443280965089798,
            0.9661924839019775,
            -0.08231595158576965
        ]
    ],
    "centroid":[
        [
            -0.5696426630020142
        ],
        [
            0.4885798692703247
        ],
        [
            4.794345855712891
        ]
    ],
    "part_id":3,
    "scales":[
        [
            0.6399999260902405
        ],
        [
            0.8000001907348633
        ],
        [
            0.41999995708465576
        ]
    ]
}