{
    "axes":[
        [
            0.27219703793525696,
            0.9621402621269226,
            -0.013962185010313988
        ],
        [
            0.07542703300714493,
            -0.03579982370138168,
            -0.9965084791183472
        ],
        [
            -0.959280788898468,
            0.27019351720809937,
            -0.08231598883867264
        ]
    ],
    "centroid":[
        [
            1.648569107055664
        ],
        [
            0.10417935252189636
        ],
        [
            4.093048095703125
        ]
    ],
    "part_id":2,
    "scales":[
        [
            1.1638063192367554
        ],
        [
            0.25099977850914
        ],
        [
            0.4000000059604645
        ]
    ]
}