{
    "axes":[
        [
            0.01396230235695839,
            -0.649199366569519,
            -0.7604902982711792
        ],
        [
            0.9965085983276367,
            0.07164739817380905,
            -0.04286658763885498
        ],
        [
            0.08231620490550995,
            -0.757236659526825,
            0.6479330658912659
        ]
    ],
    "centroid":[
        [
            0.7424091100692749
        ],
        [
            0.8771066665649414
        ],
        [
            2.1888914108276367
        ]
    ],
    "part_id":6,
    "scales":[
        [
            0.04000001400709152
        ],
        [
            0.05999992787837982
        ],
        [
            0.696250855922699
        ]
    ]
}