{
    "axes":[
        [
            -0.2462541162967682,
            -0.9691047668457031,
            -0.013962190598249435
        ],
        [
            -0.07636141777038574,
            0.03376080095767975,
            -0.9965084791183472
        ],
        [
            0.9661924839019775,
            -0.24432814121246338,
            -0.08231594413518906
        ]
    ],
    "centroid":[
        [
            -1.045730471611023
        ],
        [
            0.6404128074645996
        ],
        [
            3.030156373977661
        ]
    ],
    "part_id":3,
    "scales":[
        [
            0.9000000953674316
        ],
        [
            0.6800000071525574
        ],
        [
            0.41999995708465576
        ]
    ]
}