{
    "axes":[
        [
            -0.9691048860549927,
            0.2462548464536667,
            -0.01396231073886156
        ],
        [
            0.03376089036464691,
            0.0763610303401947,
            -0.9965084791183472
        ],
        [
            -0.24432887136936188,
            -0.9661926031112671,
            -0.0823156014084816
        ]
    ],
    "centroid":[
        [
            -1.137740135192871
        ],
        [
            0.3097587823867798
        ],
        [
            3.3525607585906982
        ]
    ],
    "part_id":0,
    "scales":[
        [
            0.6799998879432678
        ],
        [
            0.18000000715255737
        ],
        [
            0.18999998271465302
        ]
    ]
}