{
    "axes":[
        [
            0.9621400237083435,
            -0.2721976935863495,
            -0.01396222598850727
        ],
        [
            -0.035799916833639145,
            -0.07542701065540314,
            -0.9965084791183472
        ],
        [
            0.2701941728591919,
            0.9592805504798889,
            -0.08231599628925323
        ]
    ],
    "centroid":[
        [
            1.1755757331848145
        ],
        [
            0.17397809028625488
        ],
        [
            4.661943435668945
        ]
    ],
    "part_id":1,
    "scales":[
        [
            0.8599997758865356
        ],
        [
            0.16999998688697815
        ],
        [
            0.18000000715255737
        ]
    ]
}