{
    "axes":[
        [
            0.013962140306830406,
            0.6491999626159668,
            0.7604897022247314
        ],
        [
            0.9965085387229919,
            -0.0716470256447792,
            0.04286689683794975
        ],
        [
            0.08231595903635025,
            0.7572358250617981,
            -0.6479336023330688
        ]
    ],
    "centroid":[
        [
            1.1361812353134155
        ],
        [
            0.8332391977310181
        ],
        [
            2.65315580368042
        ]
    ],
    "part_id":3,
    "scales":[
        [
            0.04000001400709152
        ],
        [
            0.05999993532896042
        ],
        [
            0.6962509751319885
        ]
    ]
}