{
    "axes":[
        [
            -0.7604900598526001,
            -0.649199903011322,
            -0.01396218966692686
        ],
        [
            -0.04286682605743408,
            0.07164701074361801,
            -0.9965084791183472
        ],
        [
            0.6479335427284241,
            -0.7572363018989563,
            -0.08231595158576965
        ]
    ],
    "centroid":[
        [
            0.4580592215061188
        ],
        [
            0.6268473863601685
        ],
        [
            2.408942937850952
        ]
    ],
    "part_id":5,
    "scales":[
        [
            0.04000002518296242
        ],
        [
            0.05999992415308952
        ],
        [
            0.5119352340698242
        ]
    ]
}