{
    "axes":[
        [
            -0.7604900598526001,
            -0.649199903011322,
            -0.013962180353701115
        ],
        [
            -0.04286683723330498,
            0.07164701074361801,
            -0.9965084791183472
        ],
        [
            0.6479335427284241,
            -0.7572363018989563,
            -0.08231595903635025
        ]
    ],
    "centroid":[
        [
            0.6265936493873596
        ],
        [
            0.37118950486183167
        ],
        [
            2.2402093410491943
        ]
    ],
    "part_id":0,
    "scales":[
        [
            0.4950003921985626
        ],
        [
            0.05999992787837982
        ],
        [
            0.030000006780028343
        ]
    ]
}