{
    "axes":[
        [
            0.9691047072410583,
            -0.2462540715932846,
            -0.013962185941636562
        ],
        [
            -0.03376079350709915,
            -0.07636141777038574,
            -0.9965084791183472
        ],
        [
            0.244328111410141,
            0.9661924839019775,
            -0.08231594413518906
        ]
    ],
    "centroid":[
        [
            0.1424713134765625
        ],
        [
            0.38342761993408203
        ],
        [
            3.4518370628356934
        ]
    ],
    "part_id":4,
    "scales":[
        [
            0.9999998807907104
        ],
        [
            0.6000001430511475
        ],
        [
            0.05000000074505806
        ]
    ]
}