{
    "axes":[
        [
            -0.999801754951477,
            0.019911495968699455,
            -9.052612313098507e-07
        ],
        [
            3.7605371971949353e-07,
            -6.50779043098737e-07,
            -1.0
        ],
        [
            0.019911793991923332,
            0.999801754951477,
            0.0
        ]
    ],
    "centroid":[
        [
            1.7502108812332153
        ],
        [
            0.4232874810695648
        ],
        [
            4.4667463302612305
        ]
    ],
    "part_id":0,
    "scales":[
        [
            0.47550103068351746
        ],
        [
            0.45794838666915894
        ],
        [
            0.13168495893478394
        ]
    ]
}