{
    "axes":[
        [
            -0.99968022108078,
            0.025285908952355385,
            -3.050515999802883e-07
        ],
        [
            1.8771805798678542e-07,
            -7.48267041217332e-07,
            -1.0
        ],
        [
            0.025286372750997543,
            0.9996802806854248,
            0.0
        ]
    ],
    "centroid":[
        [
            -0.6114315986633301
        ],
        [
            0.4604518711566925
        ],
        [
            3.790670156478882
        ]
    ],
    "part_id":0,
    "scales":[
        [
            0.31752216815948486
        ],
        [
            0.31862765550613403
        ],
        [
            0.19539201259613037
        ]
    ]
}