{
    "axes":[
        [
            -0.9989291429519653,
            0.046264905482530594,
            0.0
        ],
        [
            4.75642174535551e-08,
            0.0,
            -1.0
        ],
        [
            0.04626552388072014,
            0.9989291429519653,
            0.0
        ]
    ],
    "centroid":[
        [
            -2.195873260498047
        ],
        [
            0.3439420461654663
        ],
        [
            5.818898677825928
        ]
    ],
    "part_id":0,
    "scales":[
        [
            1.2531404495239258
        ],
        [
            0.6721212267875671
        ],
        [
            0.31739628314971924
        ]
    ]
}