{
    "axes":[
        [
            0.5736796259880066,
            0.8190690279006958,
            0.0
        ],
        [
            0.0,
            0.0,
            -1.0
        ],
        [
            0.8190798759460449,
            -0.5736948847770691,
            0.0
        ]
    ],
    "centroid":[
        [
            -1.749135136604309
        ],
        [
            0.3674987256526947
        ],
        [
            4.492105484008789
        ]
    ],
    "part_id":0,
    "scales":[
        [
            0.0772610455751419
        ],
        [
            0.06923467665910721
        ],
        [
            0.4345051646232605
        ]
    ]
}