{
    "axes":[
        [
            -0.891024649143219,
            0.4539543092250824,
            0.0
        ],
        [
            0.0,
            0.0,
            -1.0
        ],
        [
            -0.45395487546920776,
            -0.8910249471664429,
            0.0
        ]
    ],
    "centroid":[
        [
            1.349611759185791
        ],
        [
            -0.16819404065608978
        ],
        [
            5.219959259033203
        ]
    ],
    "part_id":0,
    "scales":[
        [
            0.49621307849884033
        ],
        [
            1.0196119546890259
        ],
        [
            1.8529627323150635
        ]
    ]
}