{
    "axes":[
        [
            -0.999912440776825,
            0.013234204612672329,
            0.0
        ],
        [
            -1.2895516476874036e-07,
            0.0,
            -1.0
        ],
        [
            0.013233895413577557,
            0.999912440776825,
            0.0
        ]
    ],
    "centroid":[
        [
            1.7547637224197388
        ],
        [
            0.16737551987171173
        ],
        [
            4.747887134552002
        ]
    ],
    "part_id":0,
    "scales":[
        [
            0.46221214532852173
        ],
        [
            0.1606156826019287
        ],
        [
            0.3011108636856079
        ]
    ]
}