{
    "axes":[
        [
            -0.9994166493415833,
            0.034152425825595856,
            5.920999797126569e-07
        ],
        [
            -2.887011021357466e-07,
            0.0,
            -1.0
        ],
        [
            0.034152571111917496,
            0.9994166493415833,
            0.0
        ]
    ],
    "centroid":[
        [
            -2.2046709060668945
        ],
        [
            0.010822164826095104
        ],
        [
            6.258982181549072
        ]
    ],
    "part_id":0,
    "scales":[
        [
            1.2387478351593018
        ],
        [
            0.15469229221343994
        ],
        [
            0.4026660919189453
        ]
    ]
}