{
    "axes":[
        [
            -0.9988990426063538,
            0.04691052436828613,
            -9.819545994105283e-07
        ],
        [
            1.1259090797466342e-06,
            1.6596316072536865e-06,
            -1.0
        ],
        [
            0.04691137745976448,
            0.9988990426063538,
            0.0
        ]
    ],
    "centroid":[
        [
            -0.6234164834022522
        ],
        [
            0.34876272082328796
        ],
        [
            3.8159408569335938
        ]
    ],
    "part_id":0,
    "scales":[
        [
            0.3176347613334656
        ],
        [
            0.2873150706291199
        ],
        [
            0.06069999933242798
        ]
    ]
}