{
    "axes":[
        [
            0.5421720147132874,
            0.8402677774429321,
            0.0
        ],
        [
            0.0,
            0.0,
            -1.0
        ],
        [
            -0.8402675986289978,
            0.5421715974807739,
            0.0
        ]
    ],
    "centroid":[
        [
            -0.33361056447029114
        ],
        [
            -0.16819404065608978
        ],
        [
            5.9534478187561035
        ]
    ],
    "part_id":0,
    "scales":[
        [
            1.0200004577636719
        ],
        [
            0.4962119162082672
        ],
        [
            1.8529627323150635
        ]
    ]
}