{
    "axes":[
        [
            -0.9992522597312927,
            0.038665030151605606,
            0.0
        ],
        [
            0.0,
            0.0,
            -1.0
        ],
        [
            0.0386650413274765,
            0.999252200126648,
            0.0
        ]
    ],
    "centroid":[
        [
            -1.7971487045288086
        ],
        [
            -0.018495747819542885
        ],
        [
            4.515486240386963
        ]
    ],
    "part_id":0,
    "scales":[
        [
            1.149926781654358
        ],
        [
            1.1308610439300537
        ],
        [
            0.06616520881652832
        ]
    ]
}