{
    "axes":[
        [
            -0.0015284842811524868,
            -0.999998927116394,
            -0.000331085262587294
        ],
        [
            5.006676246921415e-07,
            0.00033108488423749804,
            -0.9999999403953552
        ],
        [
            0.9999989867210388,
            -0.0015284843975678086,
            -5.33938226965347e-09
        ]
    ],
    "centroid":[
        [
            -0.2545013427734375
        ],
        [
            0.14112907648086548
        ],
        [
            3.492663621902466
        ]
    ],
    "part_id":2,
    "scales":[
        [
            0.25059863924980164
        ],
        [
            1.950000286102295
        ],
        [
            0.40000003576278687
        ]
    ]
}