{
    "axes":[
        [
            0.9999999403953552,
            -2.9600709904042954e-12,
            -0.0003310782485641539
        ],
        [
            -0.0003310782485641539,
            -5.960465454535324e-09,
            -0.9999999403953552
        ],
        [
            9.866903301347651e-13,
            1.0,
            -5.960466342713744e-09
        ]
    ],
    "centroid":[
        [
            -0.26104649901390076
        ],
        [
            0.5717751979827881
        ],
        [
            6.169538974761963
        ]
    ],
    "part_id":3,
    "scales":[
        [
            2.3499999046325684
        ],
        [
            0.7999999523162842
        ],
        [
            0.44999998807907104
        ]
    ]
}