{
    "axes":[
        [
            0.9999999403953552,
            1.772032305780158e-06,
            -0.0003310661995783448
        ],
        [
            -0.0003310661995783448,
            -2.9851658922552815e-08,
            -0.9999999403953552
        ],
        [
            -1.772042082848202e-06,
            1.0,
            -2.926499576005881e-08
        ]
    ],
    "centroid":[
        [
            -0.26104825735092163
        ],
        [
            0.39118286967277527
        ],
        [
            4.969539642333984
        ]
    ],
    "part_id":4,
    "scales":[
        [
            1.1958760023117065
        ],
        [
            0.5995893478393555
        ],
        [
            0.05000000819563866
        ]
    ]
}