{
    "axes":[
        [
            0.9999999403953552,
            1.758182861522073e-06,
            -0.0003307937004137784
        ],
        [
            -0.0003307937004137784,
            -3.158376102874172e-07,
            -0.9999999403953552
        ],
        [
            -1.7582872260391014e-06,
            1.0,
            -3.152559884256334e-07
        ]
    ],
    "centroid":[
        [
            -0.8344388008117676
        ],
        [
            0.6071590185165405
        ],
        [
            4.693277359008789
        ]
    ],
    "part_id":3,
    "scales":[
        [
            0.03999999538064003
        ],
        [
            0.040000006556510925
        ],
        [
            0.3800000250339508
        ]
    ]
}