{
    "axes":[
        [
            0.8899014592170715,
            0.45611539483070374,
            -0.005854618735611439
        ],
        [
            -0.02961500734090805,
            0.04496212676167488,
            -0.9985495805740356
        ],
        [
            0.45519036054611206,
            -0.8887841105461121,
            -0.05352086201310158
        ]
    ],
    "centroid":[
        [
            2.7815189361572266
        ],
        [
            0.7493557929992676
        ],
        [
            6.5745673179626465
        ]
    ],
    "part_id":0,
    "scales":[
        [
            1.2531403303146362
        ],
        [
            0.6721206307411194
        ],
        [
            0.3173963129520416
        ]
    ]
}