{
    "axes":[
        [
            0.6910660266876221,
            0.7227730751037598,
            0.00483827805146575
        ],
        [
            -0.03543751686811447,
            0.040566544979810715,
            -0.9985480904579163
        ],
        [
            0.7219224572181702,
            -0.6898938417434692,
            -0.053648222237825394
        ]
    ],
    "centroid":[
        [
            0.22735053300857544
        ],
        [
            0.6922144889831543
        ],
        [
            4.410909175872803
        ]
    ],
    "part_id":0,
    "scales":[
        [
            0.5108075737953186
        ],
        [
            0.16933158040046692
        ],
        [
            0.29515108466148376
        ]
    ]
}