{
    "axes":[
        [
            -0.09095007181167603,
            -0.9958376884460449,
            -0.005854767747223377
        ],
        [
            0.0538308247923851,
            0.0009538889862596989,
            -0.9985496997833252
        ],
        [
            -0.9943994283676147,
            0.09113944321870804,
            -0.053519271314144135
        ]
    ],
    "centroid":[
        [
            1.7348073720932007
        ],
        [
            0.7292500138282776
        ],
        [
            7.504354476928711
        ]
    ],
    "part_id":0,
    "scales":[
        [
            0.07726118713617325
        ],
        [
            0.06923441588878632
        ],
        [
            0.43450507521629333
        ]
    ]
}