{
    "axes":[
        [
            -0.7505139112472534,
            -0.6608158349990845,
            -0.007154030259698629
        ],
        [
            0.040600456297397614,
            -0.03530130907893181,
            -0.998551607131958
        ],
        [
            -0.6596063375473022,
            0.7497174739837646,
            -0.05332435667514801
        ]
    ],
    "centroid":[
        [
            -0.7952763438224792
        ],
        [
            0.9614798426628113
        ],
        [
            3.1182384490966797
        ]
    ],
    "part_id":0,
    "scales":[
        [
            0.5414536595344543
        ],
        [
            0.4819304347038269
        ],
        [
            0.09340576827526093
        ]
    ]
}