{
    "axes":[
        [
            -0.9152861833572388,
            0.4027751088142395,
            0.004837910179048777
        ],
        [
            -0.026029912754893303,
            -0.047157902270555496,
            -0.9985482096672058
        ],
        [
            0.4019623100757599,
            0.9140833020210266,
            -0.05364764481782913
        ]
    ],
    "centroid":[
        [
            -1.5551482439041138
        ],
        [
            0.5382731556892395
        ],
        [
            5.389055252075195
        ]
    ],
    "part_id":0,
    "scales":[
        [
            2.5518980026245117
        ],
        [
            1.3027808666229248
        ],
        [
            0.1417330652475357
        ]
    ]
}