{
    "axes":[
        [
            0.8843067288398743,
            0.4668704569339752,
            -0.005855277646332979
        ],
        [
            -0.030158139765262604,
            0.04460027441382408,
            -0.9985496401786804
        ],
        [
            0.4659314453601837,
            -0.8832002878189087,
            -0.053519923239946365
        ]
    ],
    "centroid":[
        [
            3.005836248397827
        ],
        [
            0.43560317158699036
        ],
        [
            6.179650783538818
        ]
    ],
    "part_id":0,
    "scales":[
        [
            1.23874831199646
        ],
        [
            0.15469181537628174
        ],
        [
            0.40266603231430054
        ]
    ]
}