{
    "axes":[
        [
            0.49682605266571045,
            -0.8678111433982849,
            -0.008228836581110954
        ],
        [
            -0.05019375681877136,
            -0.019267624244093895,
            -0.9985535740852356
        ],
        [
            0.8663973808288574,
            0.4965205192565918,
            -0.05313190445303917
        ]
    ],
    "centroid":[
        [
            0.13245327770709991
        ],
        [
            0.7131263613700867
        ],
        [
            6.519665241241455
        ]
    ],
    "part_id":0,
    "scales":[
        [
            1.0200003385543823
        ],
        [
            0.49621185660362244
        ],
        [
            0.9329626560211182
        ]
    ]
}