{
    "axes":[
        [
            0.6928983926773071,
            0.7210186123847961,
            0.004837950691580772
        ],
        [
            -0.03533412143588066,
            0.04065608233213425,
            -0.9985482096672058
        ],
        [
            0.7201688885688782,
            -0.6917219758033752,
            -0.053648512810468674
        ]
    ],
    "centroid":[
        [
            0.05216945707798004
        ],
        [
            0.8759467601776123
        ],
        [
            4.598069667816162
        ]
    ],
    "part_id":0,
    "scales":[
        [
            0.5414533615112305
        ],
        [
            0.48193076252937317
        ],
        [
            0.09340579062700272
        ]
    ]
}