{
    "axes":[
        [
            -0.7488343715667725,
            -0.662719190120697,
            -0.007153944578021765
        ],
        [
            0.040689341723918915,
            -0.03519729524850845,
            -0.9985517263412476
        ],
        [
            -0.6615070104598999,
            0.7480404376983643,
            -0.0533226877450943
        ]
    ],
    "centroid":[
        [
            -0.9555606842041016
        ],
        [
            0.7583613395690918
        ],
        [
            3.2985904216766357
        ]
    ],
    "part_id":0,
    "scales":[
        [
            0.5108079314231873
        ],
        [
            0.16933083534240723
        ],
        [
            0.29515108466148376
        ]
    ]
}