{
    "axes":[
        [
            0.8864057660102844,
            0.46287184953689575,
            -0.005855495110154152
        ],
        [
            -0.02995625138282776,
            0.04473540559411049,
            -0.99854975938797
        ],
        [
            0.4619387090206146,
            -0.8852956295013428,
            -0.0535174235701561
        ]
    ],
    "centroid":[
        [
            1.7858306169509888
        ],
        [
            0.3433130979537964
        ],
        [
            7.487236499786377
        ]
    ],
    "part_id":0,
    "scales":[
        [
            1.1499266624450684
        ],
        [
            1.130860447883606
        ],
        [
            0.06616523116827011
        ]
    ]
}