{
    "axes":[
        [
            0.8785607218742371,
            -0.47757697105407715,
            -0.007153622340410948
        ],
        [
            0.019191542640328407,
            0.050261955708265305,
            -0.9985515475273132
        ],
        [
            -0.4772448241710663,
            -0.8771510720252991,
            -0.05332466959953308
        ]
    ],
    "centroid":[
        [
            0.738499641418457
        ],
        [
            0.7140283584594727
        ],
        [
            2.1645872592926025
        ]
    ],
    "part_id":0,
    "scales":[
        [
            2.551898717880249
        ],
        [
            1.3027803897857666
        ],
        [
            0.1417330652475357
        ]
    ]
}