{
    "axes":[
        [
            0.8061887621879578,
            -0.5916519165039062,
            0.0027786821592599154
        ],
        [
            -0.04261211305856705,
            -0.06274649500846863,
            -0.9971193671226501
        ],
        [
            0.5901219248771667,
            0.8037480115890503,
            -0.07579705119132996
        ]
    ],
    "centroid":[
        [
            -1.2093877792358398
        ],
        [
            0.5666266083717346
        ],
        [
            6.572592258453369
        ]
    ],
    "part_id":1,
    "scales":[
        [
            1.3949999809265137
        ],
        [
            0.7999998927116394
        ],
        [
            0.035937998443841934
        ]
    ]
}