{
    "axes":[
        [
            0.7548719644546509,
            -0.6558663249015808,
            0.0027787312865257263
        ],
        [
            -0.0476214662194252,
            -0.05903465300798416,
            -0.9971194267272949
        ],
        [
            0.6541410684585571,
            0.7525651454925537,
            -0.07579691708087921
        ]
    ],
    "centroid":[
        [
            1.0136677026748657
        ],
        [
            0.8179373145103455
        ],
        [
            3.3670663833618164
        ]
    ],
    "part_id":1,
    "scales":[
        [
            1.3950001001358032
        ],
        [
            0.7999999523162842
        ],
        [
            0.035937994718551636
        ]
    ]
}