{
    "axes":[
        [
            0.6467573046684265,
            0.762691080570221,
            0.0027700960636138916
        ],
        [
            -0.056022826582193375,
            0.05112854391336441,
            -0.9971197247505188
        ],
        [
            0.7606357932090759,
            -0.6447389125823975,
            -0.07579585909843445
        ]
    ],
    "centroid":[
        [
            0.1417955756187439
        ],
        [
            1.3119438886642456
        ],
        [
            5.653069019317627
        ]
    ],
    "part_id":7,
    "scales":[
        [
            0.049246519804000854
        ],
        [
            0.06207912042737007
        ],
        [
            0.06807982176542282
        ]
    ]
}