{
    "axes":[
        [
            -0.6467604041099548,
            0.7626883387565613,
            0.002778527094051242
        ],
        [
            0.0560179241001606,
            0.051135823130607605,
            -0.9971194267272949
        ],
        [
            -0.7606334090232849,
            -0.6447417140007019,
            -0.07579683512449265
        ]
    ],
    "centroid":[
        [
            0.11960408836603165
        ],
        [
            0.7241845726966858
        ],
        [
            5.598269939422607
        ]
    ],
    "part_id":2,
    "scales":[
        [
            0.1181805208325386
        ],
        [
            0.24800316989421844
        ],
        [
            0.0709022581577301
        ]
    ]
}