{
    "axes":[
        [
            -0.3865896761417389,
            -0.9222476482391357,
            0.002774997614324093
        ],
        [
            0.06881678849458694,
            -0.03184704855084419,
            -0.9971207976341248
        ],
        [
            -0.9196807146072388,
            0.3852856159210205,
            -0.07577785849571228
        ]
    ],
    "centroid":[
        [
            0.08172129839658737
        ],
        [
            1.2647172212600708
        ],
        [
            5.354940891265869
        ]
    ],
    "part_id":13,
    "scales":[
        [
            0.07214357703924179
        ],
        [
            0.29312729835510254
        ],
        [
            0.07066202163696289
        ]
    ]
}