{
    "axes":[
        [
            -0.5586972832679749,
            0.8196801543235779,
            0.1264190822839737
        ],
        [
            -0.45011278986930847,
            -0.17164404690265656,
            -0.8763200640678406
        ],
        [
            -0.6966030597686768,
            -0.5465005040168762,
            0.46484556794166565
        ]
    ],
    "centroid":[
        [
            0.12412943691015244
        ],
        [
            0.8790806531906128
        ],
        [
            5.517520904541016
        ]
    ],
    "part_id":3,
    "scales":[
        [
            0.06383628398180008
        ],
        [
            0.05834216997027397
        ],
        [
            0.2442672699689865
        ]
    ]
}