{
    "axes":[
        [
            0.839171290397644,
            0.5438608527183533,
            0.002781948307529092
        ],
        [
            -0.038895417004823685,
            0.06511563062667847,
            -0.9971199035644531
        ],
        [
            0.5424754023551941,
            -0.8366453051567078,
            -0.07579683512449265
        ]
    ],
    "centroid":[
        [
            -0.1787651777267456
        ],
        [
            1.2468881607055664
        ],
        [
            5.579934120178223
        ]
    ],
    "part_id":6,
    "scales":[
        [
            0.0721435397863388
        ],
        [
            0.2931273579597473
        ],
        [
            0.0706620141863823
        ]
    ]
}