{
    "axes":[
        [
            0.6467568874359131,
            0.7626914381980896,
            0.002768920501694083
        ],
        [
            -0.05601883307099342,
            0.05112356320023537,
            -0.997120201587677
        ],
        [
            0.7606364488601685,
            -0.6447388529777527,
            -0.07578958570957184
        ]
    ],
    "centroid":[
        [
            -0.08519838750362396
        ],
        [
            1.1881805658340454
        ],
        [
            5.419062614440918
        ]
    ],
    "part_id":5,
    "scales":[
        [
            0.07214353233575821
        ],
        [
            0.068413645029068
        ],
        [
            0.3265846073627472
        ]
    ]
}