{
    "axes":[
        [
            0.7626852989196777,
            -0.6467642784118652,
            0.002779165282845497
        ],
        [
            0.05113310366868973,
            0.056013137102127075,
            -0.997120201587677
        ],
        [
            -0.6447458267211914,
            -0.7606303691864014,
            -0.07579143345355988
        ]
    ],
    "centroid":[
        [
            0.034008488059043884
        ],
        [
            1.248956561088562
        ],
        [
            5.561392307281494
        ]
    ],
    "part_id":15,
    "scales":[
        [
            0.07214365899562836
        ],
        [
            0.2931268513202667
        ],
        [
            0.07066202163696289
        ]
    ]
}