{
    "axes":[
        [
            -0.6467593908309937,
            0.7626890540122986,
            0.0027786782011389732
        ],
        [
            0.05601800978183746,
            0.05113597214221954,
            -0.9971194267272949
        ],
        [
            -0.7606341242790222,
            -0.644740641117096,
            -0.07579699158668518
        ]
    ],
    "centroid":[
        [
            -0.12685519456863403
        ],
        [
            0.9265379905700684
        ],
        [
            5.435214042663574
        ]
    ],
    "part_id":16,
    "scales":[
        [
            0.488947331905365
        ],
        [
            0.48924997448921204
        ],
        [
            0.19229727983474731
        ]
    ]
}