{
    "axes":[
        [
            0.6467565298080444,
            0.7626913785934448,
            0.0027677209582179785
        ],
        [
            -0.056023504585027695,
            0.051125943660736084,
            -0.9971194863319397
        ],
        [
            0.760636031627655,
            -0.6447386741638184,
            -0.07579468935728073
        ]
    ],
    "centroid":[
        [
            -0.3793421685695648
        ],
        [
            1.3343647718429565
        ],
        [
            5.339012622833252
        ]
    ],
    "part_id":10,
    "scales":[
        [
            0.05271048843860626
        ],
        [
            0.06207912042737007
        ],
        [
            0.06807981431484222
        ]
    ]
}