{
    "axes":[
        [
            -0.6015061140060425,
            0.7988633513450623,
            0.0027791899628937244
        ],
        [
            -0.062221359461545944,
            -0.043380822986364365,
            -0.9971192479133606
        ],
        [
            0.7964414358139038,
            0.5999463200569153,
            -0.07580019533634186
        ]
    ],
    "centroid":[
        [
            0.5209519863128662
        ],
        [
            1.3697997331619263
        ],
        [
            4.20448637008667
        ]
    ],
    "part_id":15,
    "scales":[
        [
            0.07214358448982239
        ],
        [
            0.2931271195411682
        ],
        [
            0.0706620141863823
        ]
    ]
}