{
    "axes":[
        [
            -0.7988614439964294,
            -0.6015086770057678,
            0.0027754793409258127
        ],
        [
            0.04338384047150612,
            -0.06221882253885269,
            -0.997119128704071
        ],
        [
            -0.599948525428772,
            0.7964396476745605,
            -0.07579997926950455
        ]
    ],
    "centroid":[
        [
            0.39634793996810913
        ],
        [
            1.4433130025863647
        ],
        [
            4.149170398712158
        ]
    ],
    "part_id":7,
    "scales":[
        [
            0.049246564507484436
        ],
        [
            0.062079057097435
        ],
        [
            0.06807980686426163
        ]
    ]
}