{
    "axes":[
        [
            0.5802280306816101,
            0.8144494891166687,
            0.0027891332283616066
        ],
        [
            -0.06012082099914551,
            0.04624580964446068,
            -0.9971194863319397
        ],
        [
            0.812232255935669,
            -0.5783886313438416,
            -0.07579847425222397
        ]
    ],
    "centroid":[
        [
            0.5200152397155762
        ],
        [
            1.3536264896392822
        ],
        [
            4.41634464263916
        ]
    ],
    "part_id":13,
    "scales":[
        [
            0.07214358448982239
        ],
        [
            0.2931271195411682
        ],
        [
            0.0706620141863823
        ]
    ]
}