{
    "axes":[
        [
            0.7988628149032593,
            -0.6015068292617798,
            0.0027786828577518463
        ],
        [
            -0.043379366397857666,
            -0.06221847981214523,
            -0.9971193671226501
        ],
        [
            0.5999470353126526,
            0.7964410781860352,
            -0.07579701393842697
        ]
    ],
    "centroid":[
        [
            0.7020084857940674
        ],
        [
            1.0358498096466064
        ],
        [
            4.2425360679626465
        ]
    ],
    "part_id":16,
    "scales":[
        [
            0.488947331905365
        ],
        [
            0.4892500340938568
        ],
        [
            0.19229727983474731
        ]
    ]
}