{
    "axes":[
        [
            -0.9383499026298523,
            -0.3456757366657257,
            0.0027756611816585064
        ],
        [
            0.02360391616821289,
            -0.07208026945590973,
            -0.9971195459365845
        ],
        [
            -0.344880074262619,
            0.9355815052986145,
            -0.07579581439495087
        ]
    ],
    "centroid":[
        [
            0.7243942022323608
        ],
        [
            1.3752285242080688
        ],
        [
            4.1396589279174805
        ]
    ],
    "part_id":6,
    "scales":[
        [
            0.07214360684156418
        ],
        [
            0.29312705993652344
        ],
        [
            0.0706620067358017
        ]
    ]
}