{
    "axes":[
        [
            -0.7988611459732056,
            -0.6015090942382812,
            0.0027760800439864397
        ],
        [
            0.04338241368532181,
            -0.062217868864536285,
            -0.997119665145874
        ],
        [
            -0.599949061870575,
            0.7964398264884949,
            -0.07579835504293442
        ]
    ],
    "centroid":[
        [
            0.667865514755249
        ],
        [
            1.291194200515747
        ],
        [
            4.306461811065674
        ]
    ],
    "part_id":5,
    "scales":[
        [
            0.07214359939098358
        ],
        [
            0.06841358542442322
        ],
        [
            0.3265846371650696
        ]
    ]
}