{
    "axes":[
        [
            0.798862874507904,
            -0.601506769657135,
            0.0027787364087998867
        ],
        [
            -0.04337919130921364,
            -0.06221834570169449,
            -0.9971194267272949
        ],
        [
            0.5999469757080078,
            0.7964411377906799,
            -0.07579680532217026
        ]
    ],
    "centroid":[
        [
            0.8950419425964355
        ],
        [
            0.8289696574211121
        ],
        [
            4.463185787200928
        ]
    ],
    "part_id":0,
    "scales":[
        [
            0.11818060278892517
        ],
        [
            0.24800296127796173
        ],
        [
            0.0709022581577301
        ]
    ]
}