{
    "axes":[
        [
            0.8908993601799011,
            -0.45419225096702576,
            0.002778638619929552
        ],
        [
            -0.03195825219154358,
            -0.06878634542226791,
            -0.9971194267272949
        ],
        [
            0.45307502150535583,
            0.8882442712783813,
            -0.07579690217971802
        ]
    ],
    "centroid":[
        [
            -1.0877175331115723
        ],
        [
            0.9150546789169312
        ],
        [
            3.0795459747314453
        ]
    ],
    "part_id":2,
    "scales":[
        [
            0.11818059533834457
        ],
        [
            0.24800288677215576
        ],
        [
            0.07090223580598831
        ]
    ]
}