{
    "axes":[
        [
            -0.8908988833427429,
            -0.45419323444366455,
            0.002775598783046007
        ],
        [
            0.03196253255009651,
            -0.06878789514303207,
            -0.9971195459365845
        ],
        [
            -0.45307570695877075,
            0.8882440328598022,
            -0.07580022513866425
        ]
    ],
    "centroid":[
        [
            -0.6830433011054993
        ],
        [
            1.4723585844039917
        ],
        [
            3.5490074157714844
        ]
    ],
    "part_id":12,
    "scales":[
        [
            0.05271052196621895
        ],
        [
            0.0620790459215641
        ],
        [
            0.06807982176542282
        ]
    ]
}