{
    "axes":[
        [
            -0.1427469104528427,
            -0.9897554516792297,
            0.0027790088206529617
        ],
        [
            0.07462579011917114,
            -0.01356255728751421,
            -0.9971196055412292
        ],
        [
            -0.9869419932365417,
            0.1421285718679428,
            -0.07579728960990906
        ]
    ],
    "centroid":[
        [
            -0.6393949389457703
        ],
        [
            1.4287797212600708
        ],
        [
            3.206697940826416
        ]
    ],
    "part_id":9,
    "scales":[
        [
            0.07214357703924179
        ],
        [
            0.29312705993652344
        ],
        [
            0.0706619918346405
        ]
    ]
}