{
    "axes":[
        [
            -0.9840117692947388,
            -0.17808188498020172,
            0.002775376895442605
        ],
        [
            0.010775264352560043,
            -0.07507990300655365,
            -0.9971194267272949
        ],
        [
            -0.1777772605419159,
            0.9811473488807678,
            -0.0757983848452568
        ]
    ],
    "centroid":[
        [
            -0.7928848266601562
        ],
        [
            1.4396449327468872
        ],
        [
            3.0581369400024414
        ]
    ],
    "part_id":6,
    "scales":[
        [
            0.07214359194040298
        ],
        [
            0.2931269407272339
        ],
        [
            0.0706620067358017
        ]
    ]
}