{
    "axes":[
        [
            0.7124141454696655,
            0.7017538547515869,
            0.002790855010971427
        ],
        [
            -0.051210056990385056,
            0.055953498929739,
            -0.9971193075180054
        ],
        [
            0.6998884081840515,
            -0.7102188467979431,
            -0.07579891383647919
        ]
    ],
    "centroid":[
        [
            -0.9461554884910583
        ],
        [
            1.4158211946487427
        ],
        [
            3.3659238815307617
        ]
    ],
    "part_id":13,
    "scales":[
        [
            0.07214357703924179
        ],
        [
            0.29312705993652344
        ],
        [
            0.0706619992852211
        ]
    ]
}