{
    "axes":[
        [
            -0.8908988833427429,
            -0.45419320464134216,
            0.0027762558311223984
        ],
        [
            0.03196137771010399,
            -0.06878707557916641,
            -0.9971195459365845
        ],
        [
            -0.4530757665634155,
            0.8882440328598022,
            -0.07579897344112396
        ]
    ],
    "centroid":[
        [
            -1.115236759185791
        ],
        [
            1.5034499168395996
        ],
        [
            3.1241555213928223
        ]
    ],
    "part_id":7,
    "scales":[
        [
            0.04924655333161354
        ],
        [
            0.0620790496468544
        ],
        [
            0.06807980686426163
        ]
    ]
}