{
    "axes":[
        [
            -0.9212568998336792,
            -0.38894468545913696,
            0.002778425347059965
        ],
        [
            0.026928214356303215,
            -0.07090526819229126,
            -0.997119665145874
        ],
        [
            -0.3880213499069214,
            0.9185286164283752,
            -0.07579556107521057
        ]
    ],
    "centroid":[
        [
            -1.13168466091156
        ],
        [
            1.3446295261383057
        ],
        [
            4.2509379386901855
        ]
    ],
    "part_id":13,
    "scales":[
        [
            0.07214360684156418
        ],
        [
            0.2931271195411682
        ],
        [
            0.07066202163696289
        ]
    ]
}