{
    "axes":[
        [
            -0.9956667423248291,
            0.09295200556516647,
            0.002778791356831789
        ],
        [
            0.004286641720682383,
            0.07572567462921143,
            -0.9971194863319397
        ],
        [
            -0.09289468079805374,
            -0.9927867650985718,
            -0.0757959857583046
        ]
    ],
    "centroid":[
        [
            -0.9058787822723389
        ],
        [
            0.8126780986785889
        ],
        [
            4.3882670402526855
        ]
    ],
    "part_id":2,
    "scales":[
        [
            0.11818058043718338
        ],
        [
            0.24800290167331696
        ],
        [
            0.0709022581577301
        ]
    ]
}