{
    "axes":[
        [
            -0.9956667423248291,
            0.09295113384723663,
            0.002778681693598628
        ],
        [
            0.004286688286811113,
            0.07572571188211441,
            -0.9971194863319397
        ],
        [
            -0.0928938016295433,
            -0.9927867650985718,
            -0.07579603046178818
        ]
    ],
    "centroid":[
        [
            -1.1798338890075684
        ],
        [
            0.7375164031982422
        ],
        [
            4.148040771484375
        ]
    ],
    "part_id":4,
    "scales":[
        [
            0.5393671989440918
        ],
        [
            0.17475934326648712
        ],
        [
            0.6446512937545776
        ]
    ]
}