{
    "axes":[
        [
            0.9956668019294739,
            0.0929524302482605,
            0.00277864933013916
        ],
        [
            -0.0042868973687291145,
            0.07572654634714127,
            -0.9971195459365845
        ],
        [
            0.09289509057998657,
            -0.9927866458892822,
            -0.07579687237739563
        ]
    ],
    "centroid":[
        [
            -1.202186107635498
        ],
        [
            1.2610095739364624
        ],
        [
            4.4117751121521
        ]
    ],
    "part_id":5,
    "scales":[
        [
            0.07214359939098358
        ],
        [
            0.06841357052326202
        ],
        [
            0.3265846073627472
        ]
    ]
}