{
    "axes":[
        [
            -0.9956665635108948,
            0.09295307099819183,
            0.0027786388527601957
        ],
        [
            0.004286964889615774,
            0.07572662830352783,
            -0.9971194267272949
        ],
        [
            -0.09289572387933731,
            -0.9927865266799927,
            -0.07579696178436279
        ]
    ],
    "centroid":[
        [
            -1.206629753112793
        ],
        [
            0.9980006217956543
        ],
        [
            4.447266101837158
        ]
    ],
    "part_id":16,
    "scales":[
        [
            0.488947331905365
        ],
        [
            0.48924994468688965
        ],
        [
            0.19229727983474731
        ]
    ]
}