{
    "axes":[
        [
            -0.6235044598579407,
            0.7818148732185364,
            0.0027791541069746017
        ],
        [
            -0.06098688021302223,
            -0.04509308189153671,
            -0.9971194863319397
        ],
        [
            0.7794375419616699,
            0.621877908706665,
            -0.07579618692398071
        ]
    ],
    "centroid":[
        [
            -1.3406941890716553
        ],
        [
            1.3406717777252197
        ],
        [
            4.295340061187744
        ]
    ],
    "part_id":11,
    "scales":[
        [
            0.07214358448982239
        ],
        [
            0.2931270897388458
        ],
        [
            0.07066202163696289
        ]
    ]
}