{
    "axes":[
        [
            -0.8636260628700256,
            -0.032883670181035995,
            -0.5030596852302551
        ],
        [
            0.5023350119590759,
            -0.14034084975719452,
            -0.853208065032959
        ],
        [
            -0.0425432026386261,
            -0.9895572066307068,
            0.13772059977054596
        ]
    ],
    "centroid":[
        [
            -1.4187610149383545
        ],
        [
            0.9676032066345215
        ],
        [
            4.288168430328369
        ]
    ],
    "part_id":1,
    "scales":[
        [
            0.06383632868528366
        ],
        [
            0.058342114090919495
        ],
        [
            0.24426735937595367
        ]
    ]
}