{
    "axes":[
        [
            0.6085436344146729,
            0.7935158014297485,
            0.002797620138153434
        ],
        [
            -0.05844921991229057,
            0.04833987355232239,
            -0.997119665145874
        ],
        [
            0.7913652062416077,
            -0.6066267490386963,
            -0.07579728215932846
        ]
    ],
    "centroid":[
        [
            2.435823678970337
        ],
        [
            1.1761189699172974
        ],
        [
            7.536406993865967
        ]
    ],
    "part_id":7,
    "scales":[
        [
            0.049246545881032944
        ],
        [
            0.062079038470983505
        ],
        [
            0.06807982176542282
        ]
    ]
}