{
    "axes":[
        [
            -0.6085411310195923,
            0.7935176491737366,
            0.002778668189421296
        ],
        [
            0.05846063047647476,
            0.04832451418042183,
            -0.9971194267272949
        ],
        [
            -0.7913661599159241,
            -0.6066257357597351,
            -0.07579698413610458
        ]
    ],
    "centroid":[
        [
            2.3995635509490967
        ],
        [
            0.5235738158226013
        ],
        [
            7.114411354064941
        ]
    ],
    "part_id":4,
    "scales":[
        [
            0.5393672585487366
        ],
        [
            0.17475932836532593
        ],
        [
            0.6446511745452881
        ]
    ]
}