{
    "axes":[
        [
            -0.9972528219223022,
            0.07402113825082779,
            0.0027810970786958933
        ],
        [
            -0.008375766687095165,
            -0.07537942379713058,
            -0.9971200823783875
        ],
        [
            0.07359830290079117,
            0.9944040775299072,
            -0.0757923275232315
        ]
    ],
    "centroid":[
        [
            2.215484619140625
        ],
        [
            1.1379698514938354
        ],
        [
            7.112986087799072
        ]
    ],
    "part_id":11,
    "scales":[
        [
            0.07214359939098358
        ],
        [
            0.29312700033187866
        ],
        [
            0.0706620141863823
        ]
    ]
}