{
    "axes":[
        [
            0.8114632964134216,
            0.5843965411186218,
            0.0027944722678512335
        ],
        [
            -0.04203800857067108,
            0.06313987076282501,
            -0.9971188306808472
        ],
        [
            0.5828893184661865,
            -0.8090080618858337,
            -0.07580256462097168
        ]
    ],
    "centroid":[
        [
            2.1189870834350586
        ],
        [
            1.1122605800628662
        ],
        [
            7.447654724121094
        ]
    ],
    "part_id":6,
    "scales":[
        [
            0.07214358448982239
        ],
        [
            0.2931269407272339
        ],
        [
            0.07066202163696289
        ]
    ]
}