{
    "axes":[
        [
            -0.5283797979354858,
            0.6938067674636841,
            -0.4893336296081543
        ],
        [
            0.5492488145828247,
            -0.1601645052433014,
            -0.8201665282249451
        ],
        [
            -0.6474109888076782,
            -0.7021253108978271,
            -0.2964448630809784
        ]
    ],
    "centroid":[
        [
            2.1472604274749756
        ],
        [
            0.7698395848274231
        ],
        [
            7.041212558746338
        ]
    ],
    "part_id":1,
    "scales":[
        [
            0.06383631378412247
        ],
        [
            0.058342095464468
        ],
        [
            0.24426737427711487
        ]
    ]
}