{
    "axes":[
        [
            -0.5923198461532593,
            -0.8056984543800354,
            0.0027790649328380823
        ],
        [
            -0.06271150708198547,
            0.042663849890232086,
            -0.9971193671226501
        ],
        [
            0.803259015083313,
            -0.5907878875732422,
            -0.0757971927523613
        ]
    ],
    "centroid":[
        [
            0.07737162709236145
        ],
        [
            0.6351364254951477
        ],
        [
            6.424221038818359
        ]
    ],
    "part_id":0,
    "scales":[
        [
            0.9999999403953552
        ],
        [
            0.4749999940395355
        ],
        [
            1.3000003099441528
        ]
    ]
}