{
    "axes":[
        [
            0.7854470610618591,
            -0.6189227104187012,
            0.002778747584670782
        ],
        [
            -0.04473653435707092,
            -0.06124986708164215,
            -0.9971194267272949
        ],
        [
            0.6173100471496582,
            0.7830601930618286,
            -0.07579698413610458
        ]
    ],
    "centroid":[
        [
            1.694429874420166
        ],
        [
            0.4768117070198059
        ],
        [
            7.878721237182617
        ]
    ],
    "part_id":0,
    "scales":[
        [
            1.3950001001358032
        ],
        [
            0.7999999523162842
        ],
        [
            0.035937994718551636
        ]
    ]
}