{
    "axes":[
        [
            0.8061889410018921,
            -0.5916517376899719,
            0.0027786828577518463
        ],
        [
            -0.04261209815740585,
            -0.06274652481079102,
            -0.9971193671226501
        ],
        [
            0.5901217460632324,
            0.8037481904029846,
            -0.07579707354307175
        ]
    ],
    "centroid":[
        [
            -2.33402156829834
        ],
        [
            0.6260703802108765
        ],
        [
            5.749372482299805
        ]
    ],
    "part_id":0,
    "scales":[
        [
            1.3950001001358032
        ],
        [
            0.7999999523162842
        ],
        [
            0.035937998443841934
        ]
    ]
}