{
    "axes":[
        [
            0.8061890602111816,
            0.5916515588760376,
            -0.0027743347454816103
        ],
        [
            -0.0426219180226326,
            0.06275258958339691,
            0.9971186518669128
        ],
        [
            0.5901208519935608,
            -0.8037478923797607,
            0.07580777257680893
        ]
    ],
    "centroid":[
        [
            -1.5350472927093506
        ],
        [
            0.4177183508872986
        ],
        [
            5.823168754577637
        ]
    ],
    "part_id":0,
    "scales":[
        [
            2.789999008178711
        ],
        [
            0.05012388154864311
        ],
        [
            0.6072404384613037
        ]
    ]
}