{
    "axes":[
        [
            -0.7548765540122986,
            -0.6558613777160645,
            -0.002791192615404725
        ],
        [
            0.047615472227334976,
            -0.059047456830739975,
            0.9971191883087158
        ],
        [
            -0.654136598110199,
            0.7525684833526611,
            0.07580266892910004
        ]
    ],
    "centroid":[
        [
            0.7500129342079163
        ],
        [
            0.6876958012580872
        ],
        [
            2.5955581665039062
        ]
    ],
    "part_id":0,
    "scales":[
        [
            2.78999924659729
        ],
        [
            0.050123900175094604
        ],
        [
            0.6072405576705933
        ]
    ]
}