{
    "axes":[
        [
            0.7854468822479248,
            -0.6189229488372803,
            0.0027787508442997932
        ],
        [
            -0.044736552983522415,
            -0.061249855905771255,
            -0.9971194267272949
        ],
        [
            0.6173102855682373,
            0.7830600142478943,
            -0.07579698413610458
        ]
    ],
    "centroid":[
        [
            2.294990062713623
        ],
        [
            0.3654041886329651
        ],
        [
            9.366315841674805
        ]
    ],
    "part_id":0,
    "scales":[
        [
            1.3950001001358032
        ],
        [
            0.7999998927116394
        ],
        [
            0.035937994718551636
        ]
    ]
}