{
    "axes":[
        [
            0.6467567682266235,
            0.762691080570221,
            0.002763435710221529
        ],
        [
            -0.05602799728512764,
            0.051124196499586105,
            -0.9971191883087158
        ],
        [
            0.7606353759765625,
            -0.6447391510009766,
            -0.07579698413610458
        ]
    ],
    "centroid":[
        [
            -0.23342150449752808
        ],
        [
            1.3084691762924194
        ],
        [
            5.685025215148926
        ]
    ],
    "part_id":8,
    "scales":[
        [
            0.054914116859436035
        ],
        [
            0.062079112976789474
        ],
        [
            0.06807981431484222
        ]
    ]
}