{
    "axes":[
        [
            -0.2500740587711334,
            0.9682227373123169,
            0.0027721163351088762
        ],
        [
            -0.07410120218992233,
            -0.016284126788377762,
            -0.9971177577972412
        ],
        [
            0.9653869271278381,
            0.249558687210083,
            -0.07581871002912521
        ]
    ],
    "centroid":[
        [
            -0.26291969418525696
        ],
        [
            1.2615596055984497
        ],
        [
            5.383846759796143
        ]
    ],
    "part_id":9,
    "scales":[
        [
            0.07214364409446716
        ],
        [
            0.29312700033187866
        ],
        [
            0.07066202163696289
        ]
    ]
}