{
    "axes":[
        [
            -0.5614767670631409,
            0.6592004299163818,
            -0.5001987218856812
        ],
        [
            0.5471329689025879,
            -0.15774379670619965,
            -0.8220477104187012
        ],
        [
            -0.6207974553108215,
            -0.735235869884491,
            -0.2721008062362671
        ]
    ],
    "centroid":[
        [
            -0.16914451122283936
        ],
        [
            0.9044820070266724
        ],
        [
            5.172610759735107
        ]
    ],
    "part_id":1,
    "scales":[
        [
            0.06383628398180008
        ],
        [
            0.05834217742085457
        ],
        [
            0.2442672997713089
        ]
    ]
}