{
    "axes":[
        [
            -0.9924169778823853,
            0.12288595736026764,
            0.002755919471383095
        ],
        [
            -0.012040660716593266,
            -0.07487735152244568,
            -0.9971204400062561
        ],
        [
            0.12232569605112076,
            0.9895924925804138,
            -0.0757891833782196
        ]
    ],
    "centroid":[
        [
            -0.0988602489233017
        ],
        [
            1.2728798389434814
        ],
        [
            5.240941524505615
        ]
    ],
    "part_id":11,
    "scales":[
        [
            0.07214363664388657
        ],
        [
            0.29312705993652344
        ],
        [
            0.0706620141863823
        ]
    ]
}