{
    "axes":[
        [
            -0.6467604041099548,
            0.7626884579658508,
            0.00277848937548697
        ],
        [
            0.056017957627773285,
            0.05113579332828522,
            -0.9971194267272949
        ],
        [
            -0.7606335282325745,
            -0.6447417140007019,
            -0.07579684257507324
        ]
    ],
    "centroid":[
        [
            0.08735445886850357
        ],
        [
            0.659172534942627
        ],
        [
            5.233382701873779
        ]
    ],
    "part_id":4,
    "scales":[
        [
            0.5393669009208679
        ],
        [
            0.17475955188274384
        ],
        [
            0.6446512937545776
        ]
    ]
}