{
    "axes":[
        [
            0.030680423602461815,
            -0.9995254278182983,
            0.0027742551174014807
        ],
        [
            0.07584770768880844,
            -0.0004394362913444638,
            -0.9971194267272949
        ],
        [
            -0.9966473579406738,
            -0.03080235794186592,
            -0.07579822838306427
        ]
    ],
    "centroid":[
        [
            0.8497921228408813
        ],
        [
            1.3624426126480103
        ],
        [
            4.31245756149292
        ]
    ],
    "part_id":9,
    "scales":[
        [
            0.07214359939098358
        ],
        [
            0.2931271195411682
        ],
        [
            0.0706620141863823
        ]
    ]
}