{
    "axes":[
        [
            0.6904168128967285,
            -0.4829932153224945,
            0.5385557413101196
        ],
        [
            0.46105676889419556,
            -0.27988603711128235,
            -0.8420751094818115
        ],
        [
            0.5574507713317871,
            0.8296875357627869,
            0.02944919653236866
        ]
    ],
    "centroid":[
        [
            0.8007940053939819
        ],
        [
            0.9759359359741211
        ],
        [
            4.483133792877197
        ]
    ],
    "part_id":1,
    "scales":[
        [
            0.06383633613586426
        ],
        [
            0.05834212899208069
        ],
        [
            0.24426737427711487
        ]
    ]
}