{
    "axes":[
        [
            0.6931958198547363,
            -0.6812142729759216,
            -0.23542867600917816
        ],
        [
            -0.5361889004707336,
            -0.2691223919391632,
            -0.8000466227531433
        ],
        [
            0.48164406418800354,
            0.6808232069015503,
            -0.5518140196800232
        ]
    ],
    "centroid":[
        [
            0.4385484457015991
        ],
        [
            0.9956063032150269
        ],
        [
            4.211087226867676
        ]
    ],
    "part_id":3,
    "scales":[
        [
            0.06383634358644485
        ],
        [
            0.05834212899208069
        ],
        [
            0.2442672699689865
        ]
    ]
}