{
    "axes":[
        [
            -0.7988615036010742,
            -0.601508617401123,
            0.0027762516401708126
        ],
        [
            0.04338306188583374,
            -0.06221907585859299,
            -0.997119128704071
        ],
        [
            -0.599948525428772,
            0.7964395880699158,
            -0.07579971104860306
        ]
    ],
    "centroid":[
        [
            0.755274772644043
        ],
        [
            1.4529470205307007
        ],
        [
            4.035592079162598
        ]
    ],
    "part_id":8,
    "scales":[
        [
            0.054914165288209915
        ],
        [
            0.062079060822725296
        ],
        [
            0.06807980686426163
        ]
    ]
}