{
    "axes":[
        [
            0.7988629341125488,
            -0.6015067100524902,
            0.0027787478175014257
        ],
        [
            -0.04337916523218155,
            -0.06221834942698479,
            -0.9971194267272949
        ],
        [
            0.599946916103363,
            0.7964411973953247,
            -0.07579679042100906
        ]
    ],
    "centroid":[
        [
            0.5344727039337158
        ],
        [
            0.7367642521858215
        ],
        [
            4.443994045257568
        ]
    ],
    "part_id":4,
    "scales":[
        [
            0.5393673181533813
        ],
        [
            0.1747594028711319
        ],
        [
            0.6446512937545776
        ]
    ]
}