{
    "axes":[
        [
            0.798862874507904,
            -0.601506769657135,
            0.0027787364087998867
        ],
        [
            -0.04337919130921364,
            -0.06221834570169449,
            -0.9971194267272949
        ],
        [
            0.5999469757080078,
            0.7964411377906799,
            -0.07579680532217026
        ]
    ],
    "centroid":[
        [
            0.42345666885375977
        ],
        [
            0.854577362537384
        ],
        [
            4.1090240478515625
        ]
    ],
    "part_id":2,
    "scales":[
        [
            0.11818060278892517
        ],
        [
            0.24800296127796173
        ],
        [
            0.0709022581577301
        ]
    ]
}