{
    "axes":[
        [
            -0.7988613247871399,
            -0.6015089154243469,
            0.002778001129627228
        ],
        [
            0.04338211566209793,
            -0.06222068890929222,
            -0.9971193671226501
        ],
        [
            -0.5999488830566406,
            0.7964395880699158,
            -0.07580042630434036
        ]
    ],
    "centroid":[
        [
            0.7483062744140625
        ],
        [
            1.4068177938461304
        ],
        [
            4.642171859741211
        ]
    ],
    "part_id":12,
    "scales":[
        [
            0.052710533142089844
        ],
        [
            0.062079060822725296
        ],
        [
            0.06807982176542282
        ]
    ]
}