{
    "axes":[
        [
            0.9409796595573425,
            -0.3384523391723633,
            0.0027787864673882723
        ],
        [
            0.028261568397283554,
            0.07038738578557968,
            -0.9971194863319397
        ],
        [
            -0.3372817635536194,
            -0.9383472800254822,
            -0.07579828053712845
        ]
    ],
    "centroid":[
        [
            0.7213352918624878
        ],
        [
            1.3487489223480225
        ],
        [
            4.487890243530273
        ]
    ],
    "part_id":11,
    "scales":[
        [
            0.07214359939098358
        ],
        [
            0.2931271195411682
        ],
        [
            0.0706620067358017
        ]
    ]
}