{
    "axes":[
        [
            -0.8908988833427429,
            -0.45419320464134216,
            0.0027750383596867323
        ],
        [
            0.03196291998028755,
            -0.06878741085529327,
            -0.9971193075180054
        ],
        [
            -0.453075647354126,
            0.8882437944412231,
            -0.07579997181892395
        ]
    ],
    "centroid":[
        [
            -0.7814488410949707
        ],
        [
            1.5175917148590088
        ],
        [
            2.950354814529419
        ]
    ],
    "part_id":8,
    "scales":[
        [
            0.05491416156291962
        ],
        [
            0.0620790496468544
        ],
        [
            0.06807980686426163
        ]
    ]
}