{
    "axes":[
        [
            0.8908993601799011,
            -0.45419228076934814,
            0.002778648165985942
        ],
        [
            -0.03195824846625328,
            -0.06878635287284851,
            -0.9971194267272949
        ],
        [
            0.4530750811100006,
            0.8882442116737366,
            -0.07579690217971802
        ]
    ],
    "centroid":[
        [
            -0.9190284609794617
        ],
        [
            0.7992464303970337
        ],
        [
            3.390256881713867
        ]
    ],
    "part_id":4,
    "scales":[
        [
            0.5393672585487366
        ],
        [
            0.17475934326648712
        ],
        [
            0.6446510553359985
        ]
    ]
}