{
    "axes":[
        [
            0.8908993005752563,
            -0.4541923403739929,
            0.002778705907985568
        ],
        [
            -0.03195826709270477,
            -0.06878650188446045,
            -0.9971193671226501
        ],
        [
            0.453075110912323,
            0.8882442116737366,
            -0.07579705119132996
        ]
    ],
    "centroid":[
        [
            -0.7927162051200867
        ],
        [
            1.1001700162887573
        ],
        [
            3.1631100177764893
        ]
    ],
    "part_id":16,
    "scales":[
        [
            0.4889473617076874
        ],
        [
            0.48924994468688965
        ],
        [
            0.19229727983474731
        ]
    ]
}