{
    "axes":[
        [
            0.7701194286346436,
            -0.3288658857345581,
            0.5465924143791199
        ],
        [
            0.470947265625,
            -0.2848317623138428,
            -0.834912896156311
        ],
        [
            0.4302612543106079,
            0.900398850440979,
            -0.06447599083185196
        ]
    ],
    "centroid":[
        [
            -0.6531188488006592
        ],
        [
            1.0419427156448364
        ],
        [
            3.3830137252807617
        ]
    ],
    "part_id":1,
    "scales":[
        [
            0.06383632123470306
        ],
        [
            0.058342114090919495
        ],
        [
            0.2442673146724701
        ]
    ]
}