{
    "axes":[
        [
            0.7728983759880066,
            -0.5499240159988403,
            -0.3165622651576996
        ],
        [
            -0.5262984037399292,
            -0.27690187096595764,
            -0.8039498329162598
        ],
        [
            0.3544546365737915,
            0.7879777550697327,
            -0.5034411549568176
        ]
    ],
    "centroid":[
        [
            -1.057098388671875
        ],
        [
            1.056434154510498
        ],
        [
            3.1775662899017334
        ]
    ],
    "part_id":3,
    "scales":[
        [
            0.06383632868528366
        ],
        [
            0.058342110365629196
        ],
        [
            0.2442672699689865
        ]
    ]
}