{
    "axes":[
        [
            0.8682212233543396,
            -0.49616992473602295,
            0.0027608773671090603
        ],
        [
            0.04000003635883331,
            0.06444557011127472,
            -0.9971194267272949
        ],
        [
            -0.49456262588500977,
            -0.8658303618431091,
            -0.07579981535673141
        ]
    ],
    "centroid":[
        [
            -0.7354636192321777
        ],
        [
            1.4136921167373657
        ],
        [
            3.401655673980713
        ]
    ],
    "part_id":11,
    "scales":[
        [
            0.07214359939098358
        ],
        [
            0.29312705993652344
        ],
        [
            0.0706620067358017
        ]
    ]
}