{
    "axes":[
        [
            -0.45419031381607056,
            0.8909003734588623,
            0.0027757768984884024
        ],
        [
            -0.06879015266895294,
            -0.03196322172880173,
            -0.9971190690994263
        ],
        [
            0.8882449865341187,
            0.45307284593582153,
            -0.07580255717039108
        ]
    ],
    "centroid":[
        [
            -0.9820008873939514
        ],
        [
            1.431661605834961
        ],
        [
            3.157092571258545
        ]
    ],
    "part_id":15,
    "scales":[
        [
            0.07214357703924179
        ],
        [
            0.2931270897388458
        ],
        [
            0.0706619918346405
        ]
    ]
}