{
    "axes":[
        [
            0.8908993601799011,
            -0.45419225096702576,
            0.002778638619929552
        ],
        [
            -0.03195825219154358,
            -0.06878634542226791,
            -0.9971194267272949
        ],
        [
            0.45307502150535583,
            0.8882442712783813,
            -0.07579690217971802
        ]
    ],
    "centroid":[
        [
            -0.5618012547492981
        ],
        [
            0.8961890935897827
        ],
        [
            3.3470051288604736
        ]
    ],
    "part_id":0,
    "scales":[
        [
            0.11818059533834457
        ],
        [
            0.24800288677215576
        ],
        [
            0.07090223580598831
        ]
    ]
}