{
    "axes":[
        [
            -0.8908988833427429,
            -0.45419326424598694,
            0.0027764232363551855
        ],
        [
            0.03196132555603981,
            -0.06878732889890671,
            -0.9971196055412292
        ],
        [
            -0.4530758261680603,
            0.8882440328598022,
            -0.07579916715621948
        ]
    ],
    "centroid":[
        [
            -0.8186740875244141
        ],
        [
            1.3551490306854248
        ],
        [
            3.232137441635132
        ]
    ],
    "part_id":5,
    "scales":[
        [
            0.07214357703924179
        ],
        [
            0.06841357052326202
        ],
        [
            0.3265845477581024
        ]
    ]
}