{
    "axes":[
        [
            0.4982856214046478,
            0.8670086860656738,
            0.0027837916277348995
        ],
        [
            -0.06433212757110596,
            0.04017438367009163,
            -0.9971197843551636
        ],
        [
            0.8646231293678284,
            -0.49667102098464966,
            -0.07579481601715088
        ]
    ],
    "centroid":[
        [
            -1.3577320575714111
        ],
        [
            1.3241615295410156
        ],
        [
            4.511909484863281
        ]
    ],
    "part_id":9,
    "scales":[
        [
            0.07214357703924179
        ],
        [
            0.29312703013420105
        ],
        [
            0.07066203653812408
        ]
    ]
}