{
    "axes":[
        [
            0.09295148402452469,
            -0.9956668019294739,
            0.002776545938104391
        ],
        [
            0.07572594285011292,
            0.004288874566555023,
            -0.9971194863319397
        ],
        [
            -0.9927868247032166,
            -0.09289396554231644,
            -0.0757964625954628
        ]
    ],
    "centroid":[
        [
            -1.0210082530975342
        ],
        [
            1.3312538862228394
        ],
        [
            4.431819915771484
        ]
    ],
    "part_id":15,
    "scales":[
        [
            0.07214357703924179
        ],
        [
            0.29312700033187866
        ],
        [
            0.07066202163696289
        ]
    ]
}