{
    "axes":[
        [
            0.9956667423248291,
            0.09295244514942169,
            0.0027797752991318703
        ],
        [
            -0.004285703878849745,
            0.07572582364082336,
            -0.9971195459365845
        ],
        [
            0.09289519488811493,
            -0.992786705493927,
            -0.07579604536294937
        ]
    ],
    "centroid":[
        [
            -1.1291875839233398
        ],
        [
            1.3796100616455078
        ],
        [
            4.708052635192871
        ]
    ],
    "part_id":8,
    "scales":[
        [
            0.05491415411233902
        ],
        [
            0.0620790459215641
        ],
        [
            0.06807982176542282
        ]
    ]
}