{
    "axes":[
        [
            0.9956666827201843,
            0.0929524376988411,
            0.002779968548566103
        ],
        [
            -0.004285465460270643,
            0.07572535425424576,
            -0.9971195459365845
        ],
        [
            0.09289520233869553,
            -0.9927867650985718,
            -0.07579555362462997
        ]
    ],
    "centroid":[
        [
            -1.4424140453338623
        ],
        [
            1.4182734489440918
        ],
        [
            4.1879472732543945
        ]
    ],
    "part_id":12,
    "scales":[
        [
            0.05271052569150925
        ],
        [
            0.0620790459215641
        ],
        [
            0.06807981431484222
        ]
    ]
}