{
    "axes":[
        [
            0.9801931381225586,
            -0.19802488386631012,
            0.0027797112707048655
        ],
        [
            0.01772650144994259,
            0.07374674081802368,
            -0.9971195459365845
        ],
        [
            -0.19724947214126587,
            -0.977418839931488,
            -0.07579633593559265
        ]
    ],
    "centroid":[
        [
            -1.1600725650787354
        ],
        [
            1.3185150623321533
        ],
        [
            4.593435764312744
        ]
    ],
    "part_id":6,
    "scales":[
        [
            0.07214360684156418
        ],
        [
            0.29312703013420105
        ],
        [
            0.07066202908754349
        ]
    ]
}