{
    "axes":[
        [
            0.9956667423248291,
            0.09295246005058289,
            0.002779775531962514
        ],
        [
            -0.004285704810172319,
            0.07572582364082336,
            -0.9971195459365845
        ],
        [
            0.09289520978927612,
            -0.992786705493927,
            -0.07579604536294937
        ]
    ],
    "centroid":[
        [
            -0.8834265470504761
        ],
        [
            1.4019194841384888
        ],
        [
            4.423580169677734
        ]
    ],
    "part_id":7,
    "scales":[
        [
            0.04924655333161354
        ],
        [
            0.0620790459215641
        ],
        [
            0.06807982176542282
        ]
    ]
}