{
    "axes":[
        [
            -0.8608469367027283,
            0.21416960656642914,
            0.4615998864173889
        ],
        [
            -0.49491071701049805,
            -0.14140357077121735,
            -0.8573613166809082
        ],
        [
            -0.11834888160228729,
            -0.966507613658905,
            0.22772160172462463
        ]
    ],
    "centroid":[
        [
            -0.9672748446464539
        ],
        [
            0.9656593799591064
        ],
        [
            4.330291271209717
        ]
    ],
    "part_id":3,
    "scales":[
        [
            0.06383632123470306
        ],
        [
            0.058342110365629196
        ],
        [
            0.2442672997713089
        ]
    ]
}