{
    "axes":[
        [
            -0.34084901213645935,
            -0.9401139616966248,
            0.002776751294732094
        ],
        [
            0.07031971961259842,
            -0.028440341353416443,
            -0.9971190690994263
        ],
        [
            -0.9374844431877136,
            0.3396718204021454,
            -0.07580241560935974
        ]
    ],
    "centroid":[
        [
            2.3902385234832764
        ],
        [
            1.1291298866271973
        ],
        [
            7.235686779022217
        ]
    ],
    "part_id":13,
    "scales":[
        [
            0.0721435546875
        ],
        [
            0.29312703013420105
        ],
        [
            0.07066202163696289
        ]
    ]
}