{
    "axes":[
        [
            -0.2972995340824127,
            0.9547803401947021,
            0.0027795168571174145
        ],
        [
            -0.07319560647010803,
            -0.01988889090716839,
            -0.9971196055412292
        ],
        [
            0.951974630355835,
            0.2966468930244446,
            -0.07579867541790009
        ]
    ],
    "centroid":[
        [
            2.044586181640625
        ],
        [
            1.1272543668746948
        ],
        [
            7.247686386108398
        ]
    ],
    "part_id":9,
    "scales":[
        [
            0.0721435695886612
        ],
        [
            0.29312703013420105
        ],
        [
            0.0706620141863823
        ]
    ]
}