{
    "axes":[
        [
            -0.6085411310195923,
            0.7935176491737366,
            0.0027786961290985346
        ],
        [
            0.05846063047647476,
            0.04832455515861511,
            -0.9971194267272949
        ],
        [
            -0.7913661003112793,
            -0.6066257357597351,
            -0.07579700648784637
        ]
    ],
    "centroid":[
        [
            2.176727771759033
        ],
        [
            0.7917261123657227
        ],
        [
            7.305576801300049
        ]
    ],
    "part_id":16,
    "scales":[
        [
            0.4889472723007202
        ],
        [
            0.4892500340938568
        ],
        [
            0.19229727983474731
        ]
    ]
}