{
    "axes":[
        [
            0.6085429191589355,
            0.7935159206390381,
            0.002794969594106078
        ],
        [
            -0.05844816565513611,
            0.04833569377660751,
            -0.9971194863319397
        ],
        [
            0.7913653254508972,
            -0.6066268682479858,
            -0.07579389959573746
        ]
    ],
    "centroid":[
        [
            2.2200968265533447
        ],
        [
            1.0532121658325195
        ],
        [
            7.2915425300598145
        ]
    ],
    "part_id":5,
    "scales":[
        [
            0.0721435695886612
        ],
        [
            0.06841358542442322
        ],
        [
            0.3265845775604248
        ]
    ]
}