{
    "axes":[
        [
            0.6085431575775146,
            0.7935160994529724,
            0.002790583297610283
        ],
        [
            -0.05845264717936516,
            0.04833361133933067,
            -0.9971196055412292
        ],
        [
            0.7913651466369629,
            -0.6066268682479858,
            -0.07579619437456131
        ]
    ],
    "centroid":[
        [
            2.0594818592071533
        ],
        [
            1.1740399599075317
        ],
        [
            7.549958229064941
        ]
    ],
    "part_id":8,
    "scales":[
        [
            0.05491415038704872
        ],
        [
            0.062079038470983505
        ],
        [
            0.06807981431484222
        ]
    ]
}