{
    "axes":[
        [
            -0.5256003737449646,
            0.8448038101196289,
            0.1002558171749115
        ],
        [
            -0.4479965567588806,
            -0.1746702939271927,
            -0.876806378364563
        ],
        [
            -0.7232176661491394,
            -0.5057640671730042,
            0.4702758491039276
        ]
    ],
    "centroid":[
        [
            2.423203945159912
        ],
        [
            0.7433305382728577
        ],
        [
            7.400058746337891
        ]
    ],
    "part_id":3,
    "scales":[
        [
            0.06383630633354187
        ],
        [
            0.058342114090919495
        ],
        [
            0.2442672848701477
        ]
    ]
}