{
    "axes":[
        [
            -0.6085408926010132,
            0.7935176491737366,
            0.0027786903083324432
        ],
        [
            0.058460600674152374,
            0.04832451418042183,
            -0.9971194267272949
        ],
        [
            -0.7913661003112793,
            -0.606625497341156,
            -0.07579696178436279
        ]
    ],
    "centroid":[
        [
            2.054922342300415
        ],
        [
            0.6229591369628906
        ],
        [
            7.0132951736450195
        ]
    ],
    "part_id":0,
    "scales":[
        [
            0.11818058788776398
        ],
        [
            0.24800288677215576
        ],
        [
            0.0709022581577301
        ]
    ]
}