{
    "axes":[
        [
            0.6085435748100281,
            0.7935158610343933,
            0.0027992993127554655
        ],
        [
            -0.058454353362321854,
            0.048345908522605896,
            -0.9971190690994263
        ],
        [
            0.791364848613739,
            -0.6066262125968933,
            -0.07580503076314926
        ]
    ],
    "centroid":[
        [
            1.9307695627212524
        ],
        [
            1.200494408607483
        ],
        [
            7.197224140167236
        ]
    ],
    "part_id":10,
    "scales":[
        [
            0.05271052196621895
        ],
        [
            0.062079042196273804
        ],
        [
            0.06807981431484222
        ]
    ]
}