{
    "axes":[
        [
            0.7935193181037903,
            -0.6085389256477356,
            0.0027588976081460714
        ],
        [
            0.04831201955676079,
            0.05847706273198128,
            -0.997119128704071
        ],
        [
            -0.60662442445755,
            -0.791366457939148,
            -0.07580241560935974
        ]
    ],
    "centroid":[
        [
            2.3324196338653564
        ],
        [
            1.1135375499725342
        ],
        [
            7.439549446105957
        ]
    ],
    "part_id":15,
    "scales":[
        [
            0.07214358448982239
        ],
        [
            0.29312700033187866
        ],
        [
            0.07066202163696289
        ]
    ]
}