{
    "axes":[
        [
            0.7548721432685852,
            -0.6558660864830017,
            0.002778728259727359
        ],
        [
            -0.04762145131826401,
            -0.05903466045856476,
            -0.9971194267272949
        ],
        [
            0.6541408896446228,
            0.752565324306488,
            -0.07579691708087921
        ]
    ],
    "centroid":[
        [
            -0.03937864303588867
        ],
        [
            0.8843693733215332
        ],
        [
            2.454540252685547
        ]
    ],
    "part_id":0,
    "scales":[
        [
            1.3949999809265137
        ],
        [
            0.800000011920929
        ],
        [
            0.035937994718551636
        ]
    ]
}