{
    "axes":[
        [
            -0.9112440347671509,
            -0.4118671417236328,
            -0.00023975256772246212
        ],
        [
            -0.0379289872944355,
            0.0844963863492012,
            -0.9957016110420227
        ],
        [
            0.4101170301437378,
            -0.9073180556297302,
            -0.09261851757764816
        ]
    ],
    "centroid":[
        [
            1.100949764251709
        ],
        [
            0.06113998591899872
        ],
        [
            4.526412010192871
        ]
    ],
    "part_id":2,
    "scales":[
        [
            0.250598669052124
        ],
        [
            1.9500000476837158
        ],
        [
            0.40000003576278687
        ]
    ]
}