{
    "axes":[
        [
            -0.4557565450668335,
            0.8901044130325317,
            -0.0003263175312895328
        ],
        [
            0.08274804055690765,
            0.042004119604825974,
            -0.9956849217414856
        ],
        [
            -0.886249840259552,
            -0.4538169205188751,
            -0.09279805421829224
        ]
    ],
    "centroid":[
        [
            0.00913950800895691
        ],
        [
            0.23269376158714294
        ],
        [
            5.7175421714782715
        ]
    ],
    "part_id":4,
    "scales":[
        [
            1.195876121520996
        ],
        [
            0.5995892882347107
        ],
        [
            0.05000000074505806
        ]
    ]
}