{
    "axes":[
        [
            -0.4557564854621887,
            0.8901044130325317,
            -0.0003268507425673306
        ],
        [
            0.08274784684181213,
            0.04200341925024986,
            -0.9956849217414856
        ],
        [
            -0.886249840259552,
            -0.4538169205188751,
            -0.09279755502939224
        ]
    ],
    "centroid":[
        [
            -0.007485885173082352
        ],
        [
            0.5065825581550598
        ],
        [
            5.10421895980835
        ]
    ],
    "part_id":1,
    "scales":[
        [
            0.03999999165534973
        ],
        [
            0.04000000283122063
        ],
        [
            0.3799999952316284
        ]
    ]
}