{
    "axes":[
        [
            0.9914105534553528,
            0.13078667223453522,
            -8.6197733253357e-06
        ],
        [
            -1.0117239071405493e-05,
            1.1250743227719795e-05,
            -1.0
        ],
        [
            0.13078664243221283,
            -0.991410493850708,
            -1.2730742128042039e-05
        ]
    ],
    "centroid":[
        [
            -0.25421494245529175
        ],
        [
            0.6720080971717834
        ],
        [
            3.042215347290039
        ]
    ],
    "part_id":0,
    "scales":[
        [
            0.8719263672828674
        ],
        [
            0.6675279140472412
        ],
        [
            0.4494667947292328
        ]
    ]
}