{
    "axes":[
        [
            0.33346548676490784,
            -0.9427623152732849,
            -2.2239662939682603e-05
        ],
        [
            3.3611609069339465e-06,
            2.472288724675309e-05,
            -1.0
        ],
        [
            -0.9427623152732849,
            -0.33346569538116455,
            -1.1564624401216861e-05
        ]
    ],
    "centroid":[
        [
            1.451037049293518
        ],
        [
            0.3786466419696808
        ],
        [
            4.142972946166992
        ]
    ],
    "part_id":0,
    "scales":[
        [
            0.9576009511947632
        ],
        [
            0.2820764183998108
        ],
        [
            0.5360211133956909
        ]
    ]
}