{
    "axes":[
        [
            -0.8700838685035706,
            -0.49290335178375244,
            0.0001125358758145012
        ],
        [
            -1.9436787624727003e-05,
            -0.00019367974891792983,
            -1.0
        ],
        [
            -0.4929036498069763,
            0.8700839877128601,
            -0.00016064601368270814
        ]
    ],
    "centroid":[
        [
            -0.18488989770412445
        ],
        [
            0.698350727558136
        ],
        [
            6.723551273345947
        ]
    ],
    "part_id":0,
    "scales":[
        [
            0.8985106945037842
        ],
        [
            0.5625641942024231
        ],
        [
            0.4274276793003082
        ]
    ]
}