{
    "axes":[
        [
            -0.9856289625167847,
            -0.16892436146736145,
            -2.117790472766501e-06
        ],
        [
            1.3165416703486699e-06,
            5.0666494644246995e-06,
            -1.0
        ],
        [
            -0.16892467439174652,
            0.9856289625167847,
            4.235580945533002e-06
        ]
    ],
    "centroid":[
        [
            -0.20365315675735474
        ],
        [
            0.27594324946403503
        ],
        [
            2.6741864681243896
        ]
    ],
    "part_id":0,
    "scales":[
        [
            0.9054729342460632
        ],
        [
            0.34115931391716003
        ],
        [
            0.4503157138824463
        ]
    ]
}