{
    "axes":[
        [
            0.9393751621246338,
            0.34289178252220154,
            8.462594109914789e-07
        ],
        [
            9.311779081144778e-07,
            1.6366283261959325e-07,
            -1.0
        ],
        [
            0.3428911864757538,
            -0.9393748641014099,
            0.0
        ]
    ],
    "centroid":[
        [
            1.2489161491394043
        ],
        [
            0.609911322593689
        ],
        [
            3.701331853866577
        ]
    ],
    "part_id":0,
    "scales":[
        [
            0.7041093707084656
        ],
        [
            0.3641917109489441
        ],
        [
            0.5634645223617554
        ]
    ]
}