{
    "axes":[
        [
            0.8795484304428101,
            0.4758090376853943,
            -5.35836022663716e-07
        ],
        [
            -6.538436423397798e-07,
            -3.868256044370355e-07,
            -1.0
        ],
        [
            0.47580933570861816,
            -0.8795486092567444,
            0.0
        ]
    ],
    "centroid":[
        [
            -0.38461247086524963
        ],
        [
            0.32598355412483215
        ],
        [
            6.991153717041016
        ]
    ],
    "part_id":0,
    "scales":[
        [
            0.9116039872169495
        ],
        [
            0.15408660471439362
        ],
        [
            0.44494691491127014
        ]
    ]
}