{
    "axes":[
        [
            -0.06283260881900787,
            0.998024046421051,
            -3.551468034856953e-05
        ],
        [
            -7.145106792449951e-05,
            -4.045664536533877e-05,
            -1.0
        ],
        [
            0.998024046421051,
            0.06283252686262131,
            -7.30587707948871e-05
        ]
    ],
    "centroid":[
        [
            -0.5940382480621338
        ],
        [
            0.3092610538005829
        ],
        [
            4.141162872314453
        ]
    ],
    "part_id":0,
    "scales":[
        [
            0.800000011920929
        ],
        [
            0.8000001311302185
        ],
        [
            0.11748170852661133
        ]
    ]
}