{
    "axes":[
        [
            -0.2875582277774811,
            0.9577630758285522,
            1.0343205758545082e-05
        ],
        [
            -4.998364602215588e-06,
            9.12544328457443e-06,
            -1.0
        ],
        [
            0.9577631950378418,
            0.28755852580070496,
            -2.2164012989378534e-06
        ]
    ],
    "centroid":[
        [
            0.9299719929695129
        ],
        [
            0.7535520195960999
        ],
        [
            4.53732442855835
        ]
    ],
    "part_id":0,
    "scales":[
        [
            1.6694761514663696
        ],
        [
            0.5878528952598572
        ],
        [
            0.32271039485931396
        ]
    ]
}