{
    "axes":[
        [
            -0.7299014925956726,
            0.6835356950759888,
            0.0
        ],
        [
            0.0,
            0.0,
            -1.0
        ],
        [
            0.6835523843765259,
            0.7299171090126038,
            0.0
        ]
    ],
    "centroid":[
        [
            -0.5623131394386292
        ],
        [
            0.72457355260849
        ],
        [
            4.069967746734619
        ]
    ],
    "part_id":0,
    "scales":[
        [
            0.4386011064052582
        ],
        [
            0.4072021245956421
        ],
        [
            0.3821948766708374
        ]
    ]
}