{
    "axes":[
        [
            0.955040454864502,
            0.29647576808929443,
            -1.781508785825281e-06
        ],
        [
            -1.7902506499467563e-07,
            -5.305373633746058e-06,
            -1.0
        ],
        [
            0.29647552967071533,
            -0.9550403356552124,
            5.481565494847018e-06
        ]
    ],
    "centroid":[
        [
            0.7139455676078796
        ],
        [
            0.6980771422386169
        ],
        [
            5.359554290771484
        ]
    ],
    "part_id":0,
    "scales":[
        [
            0.6658804416656494
        ],
        [
            0.4044516682624817
        ],
        [
            0.4349461495876312
        ]
    ]
}