{
    "axes":[
        [
            -0.8794313073158264,
            -0.476024866104126,
            8.117641118587926e-05
        ],
        [
            -7.145104609662667e-05,
            -4.045661989948712e-05,
            -1.0
        ],
        [
            -0.47602578997612,
            0.8794318437576294,
            0.0
        ]
    ],
    "centroid":[
        [
            0.39185044169425964
        ],
        [
            0.3092610538005829
        ],
        [
            5.940903186798096
        ]
    ],
    "part_id":0,
    "scales":[
        [
            0.8000002503395081
        ],
        [
            0.8000006675720215
        ],
        [
            0.11748170852661133
        ]
    ]
}