{
    "axes":[
        [
            0.2852851450443268,
            -0.9584425687789917,
            -7.656636626052205e-06
        ],
        [
            2.7966727884631837e-06,
            8.852741302689537e-06,
            -1.0
        ],
        [
            -0.9584426283836365,
            -0.28528547286987305,
            -5.280439381749602e-06
        ]
    ],
    "centroid":[
        [
            1.1545414924621582
        ],
        [
            0.3460865020751953
        ],
        [
            5.041346549987793
        ]
    ],
    "part_id":0,
    "scales":[
        [
            0.93775874376297
        ],
        [
            0.32317933440208435
        ],
        [
            0.45151278376579285
        ]
    ]
}