{
    "axes":[
        [
            -0.31396153569221497,
            -0.9494426250457764,
            0.0
        ],
        [
            0.0,
            0.0,
            -1.0
        ],
        [
            -0.9494357109069824,
            0.3139406144618988,
            0.0
        ]
    ],
    "centroid":[
        [
            0.4431489408016205
        ],
        [
            0.72457355260849
        ],
        [
            5.99958610534668
        ]
    ],
    "part_id":0,
    "scales":[
        [
            0.43860137462615967
        ],
        [
            0.4072017967700958
        ],
        [
            0.3821948766708374
        ]
    ]
}