{
    "axes":[
        [
            -0.056362323462963104,
            -0.9981366395950317,
            -0.023380456492304802
        ],
        [
            -0.1111358106136322,
            0.029544271528720856,
            -0.993366003036499
        ],
        [
            0.9922057390213013,
            -0.053390007466077805,
            -0.11259390413761139
        ]
    ],
    "centroid":[
        [
            -1.5366041660308838
        ],
        [
            0.2485983967781067
        ],
        [
            4.793175220489502
        ]
    ],
    "part_id":9,
    "scales":[
        [
            1.0500000715255737
        ],
        [
            0.6000000834465027
        ],
        [
            0.030000004917383194
        ]
    ]
}