{
    "axes":[
        [
            -0.9943521022796631,
            0.05636357516050339,
            -0.08993258327245712
        ],
        [
            0.09576444327831268,
            0.11113525182008743,
            -0.9891805052757263
        ],
        [
            -0.04575907438993454,
            -0.9922060966491699,
            -0.11590515077114105
        ]
    ],
    "centroid":[
        [
            -1.318516731262207
        ],
        [
            0.26372894644737244
        ],
        [
            5.366978645324707
        ]
    ],
    "part_id":5,
    "scales":[
        [
            0.04000000283122063
        ],
        [
            0.06000000610947609
        ],
        [
            0.64000004529953
        ]
    ]
}