{
    "axes":[
        [
            -0.05636216700077057,
            -0.9973832368850708,
            0.04527544975280762
        ],
        [
            -0.11113566160202026,
            -0.03879834711551666,
            -0.9930475950241089
        ],
        [
            0.9922056198120117,
            -0.061002034693956375,
            -0.1086580902338028
        ]
    ],
    "centroid":[
        [
            -1.8036625385284424
        ],
        [
            0.01363316923379898
        ],
        [
            4.751686096191406
        ]
    ],
    "part_id":2,
    "scales":[
        [
            1.0500003099441528
        ],
        [
            0.0783584788441658
        ],
        [
            0.41649287939071655
        ]
    ]
}