{
    "axes":[
        [
            -0.997383177280426,
            0.05636248365044594,
            0.04528045281767845
        ],
        [
            -0.03880325332283974,
            0.11113639920949936,
            -0.9930473566055298
        ],
        [
            -0.06100292131304741,
            -0.9922057390213013,
            -0.10865850746631622
        ]
    ],
    "centroid":[
        [
            -1.5846657752990723
        ],
        [
            0.4137844145298004
        ],
        [
            5.367726802825928
        ]
    ],
    "part_id":8,
    "scales":[
        [
            0.5818344950675964
        ],
        [
            0.030000003054738045
        ],
        [
            0.05999999865889549
        ]
    ]
}