{
    "axes":[
        [
            -0.994351863861084,
            0.05636356770992279,
            -0.08993256092071533
        ],
        [
            0.09576442092657089,
            0.11113522946834564,
            -0.9891805648803711
        ],
        [
            -0.04575907066464424,
            -0.9922058582305908,
            -0.11590512841939926
        ]
    ],
    "centroid":[
        [
            -1.2204394340515137
        ],
        [
            0.38992565870285034
        ],
        [
            4.267603397369385
        ]
    ],
    "part_id":4,
    "scales":[
        [
            0.040000006556510925
        ],
        [
            0.06000000610947609
        ],
        [
            0.6186081767082214
        ]
    ]
}