{
    "axes":[
        [
            0.9979566931724548,
            -0.056362349539995193,
            -0.030095672234892845
        ],
        [
            -0.03622718155384064,
            -0.11113438755273819,
            -0.9931448698043823
        ],
        [
            0.05263131484389305,
            0.9922058582305908,
            -0.11294915527105331
        ]
    ],
    "centroid":[
        [
            -1.5778722763061523
        ],
        [
            -0.024134505540132523
        ],
        [
            5.320003032684326
        ]
    ],
    "part_id":1,
    "scales":[
        [
            0.5188207626342773
        ],
        [
            0.06000000983476639
        ],
        [
            0.030000006780028343
        ]
    ]
}