{
    "axes":[
        [
            0.24421201646327972,
            0.9022948741912842,
            0.35528096556663513
        ],
        [
            0.11281318962574005,
            0.337451308965683,
            -0.934558629989624
        ],
        [
            -0.9631374478340149,
            0.2683108150959015,
            -0.019381079822778702
        ]
    ],
    "centroid":[
        [
            0.5573853254318237
        ],
        [
            0.0838695764541626
        ],
        [
            4.293282985687256
        ]
    ],
    "part_id":2,
    "scales":[
        [
            0.4300001859664917
        ],
        [
            0.04999999329447746
        ],
        [
            0.6500000953674316
        ]
    ]
}