{
    "axes":[
        [
            0.2442120462656021,
            0.9623775482177734,
            0.11912164837121964
        ],
        [
            0.1128130778670311,
            0.09381159394979477,
            -0.9891777634620667
        ],
        [
            -0.9631374478340149,
            0.2550075948238373,
            -0.08565884828567505
        ]
    ],
    "centroid":[
        [
            0.21678799390792847
        ],
        [
            0.40140095353126526
        ],
        [
            4.244396209716797
        ]
    ],
    "part_id":7,
    "scales":[
        [
            0.4300002157688141
        ],
        [
            0.5999999046325684
        ],
        [
            0.050000011920928955
        ]
    ]
}