{
    "axes":[
        [
            0.8192089796066284,
            -0.24421223998069763,
            0.5188998579978943
        ],
        [
            0.5074673891067505,
            -0.1128135696053505,
            -0.8542540669441223
        ],
        [
            0.26715824007987976,
            0.9631373286247253,
            0.03151184692978859
        ]
    ],
    "centroid":[
        [
            0.06690055131912231
        ],
        [
            0.45061632990837097
        ],
        [
            4.4660773277282715
        ]
    ],
    "part_id":4,
    "scales":[
        [
            0.03999999165534973
        ],
        [
            0.06000002846121788
        ],
        [
            0.6674426794052124
        ]
    ]
}