{
    "axes":[
        [
            -0.963770866394043,
            0.24421292543411255,
            0.10726427286863327
        ],
        [
            -0.08162655681371689,
            0.11281133443117142,
            -0.9902579188346863
        ],
        [
            -0.25393441319465637,
            -0.9631373286247253,
            -0.08879002183675766
        ]
    ],
    "centroid":[
        [
            0.24047042429447174
        ],
        [
            0.16025272011756897
        ],
        [
            4.476076602935791
        ]
    ],
    "part_id":1,
    "scales":[
        [
            0.4949999153614044
        ],
        [
            0.060000017285346985
        ],
        [
            0.030000004917383194
        ]
    ]
}