{
    "axes":[
        [
            -0.9892463684082031,
            0.09561173617839813,
            0.11067972332239151
        ],
        [
            -0.10070391744375229,
            0.10352624207735062,
            -0.9895155429840088
        ],
        [
            -0.10606755316257477,
            -0.9900205731391907,
            -0.09278448671102524
        ]
    ],
    "centroid":[
        [
            0.002405524253845215
        ],
        [
            0.07447266578674316
        ],
        [
            5.44440221786499
        ]
    ],
    "part_id":1,
    "scales":[
        [
            0.49500003457069397
        ],
        [
            0.05999999865889549
        ],
        [
            0.030000006780028343
        ]
    ]
}