{
    "axes":[
        [
            0.8406081199645996,
            -0.09561063349246979,
            0.5331383943557739
        ],
        [
            0.5242899656295776,
            -0.10352857410907745,
            -0.8452230095863342
        ],
        [
            0.1360073685646057,
            0.9900204539299011,
            -0.036899276077747345
        ]
    ],
    "centroid":[
        [
            -0.17592975497245789
        ],
        [
            0.36182188987731934
        ],
        [
            5.457228660583496
        ]
    ],
    "part_id":4,
    "scales":[
        [
            0.03999999910593033
        ],
        [
            0.05999999865889549
        ],
        [
            0.6674427390098572
        ]
    ]
}