{
    "axes":[
        [
            -0.9892463684082031,
            0.09561175853013992,
            0.11067972332239151
        ],
        [
            -0.10070393979549408,
            0.1035260483622551,
            -0.9895156025886536
        ],
        [
            -0.10606756061315536,
            -0.9900205731391907,
            -0.09278428554534912
        ]
    ],
    "centroid":[
        [
            0.049305230379104614
        ],
        [
            0.12525570392608643
        ],
        [
            4.958773612976074
        ]
    ],
    "part_id":0,
    "scales":[
        [
            0.49500006437301636
        ],
        [
            0.05999999865889549
        ],
        [
            0.030000006780028343
        ]
    ]
}