{
    "axes":[
        [
            0.09561054408550262,
            0.9259930849075317,
            0.36523330211639404
        ],
        [
            0.10352824628353119,
            0.35567396879196167,
            -0.9288583993911743
        ],
        [
            -0.9900204539299011,
            0.12662062048912048,
            -0.06186026334762573
        ]
    ],
    "centroid":[
        [
            0.28980767726898193
        ],
        [
            0.0007325410842895508
        ],
        [
            5.217146396636963
        ]
    ],
    "part_id":2,
    "scales":[
        [
            0.4300000071525574
        ],
        [
            0.05000000074505806
        ],
        [
            0.6500001549720764
        ]
    ]
}