{
    "axes":[
        [
            0.09561046212911606,
            0.9878087639808655,
            0.12285185605287552
        ],
        [
            0.10352810472249985,
            0.11288002878427505,
            -0.9882004261016846
        ],
        [
            -0.9900205135345459,
            0.10720091313123703,
            -0.09147344529628754
        ]
    ],
    "centroid":[
        [
            -0.05995208024978638
        ],
        [
            0.31200385093688965
        ],
        [
            5.216193199157715
        ]
    ],
    "part_id":7,
    "scales":[
        [
            0.429999977350235
        ],
        [
            0.5999999642372131
        ],
        [
            0.050000015646219254
        ]
    ]
}