{
    "axes":[
        [
            0.11335650086402893,
            0.9932390451431274,
            0.02503208816051483
        ],
        [
            0.03508231043815613,
            0.02117743156850338,
            -0.9991599917411804
        ],
        [
            -0.9929348826408386,
            0.11413946747779846,
            -0.03244451805949211
        ]
    ],
    "centroid":[
        [
            -0.9602813720703125
        ],
        [
            -0.06647467613220215
        ],
        [
            6.198101997375488
        ]
    ],
    "part_id":1,
    "scales":[
        [
            0.49500009417533875
        ],
        [
            0.059999994933605194
        ],
        [
            0.030000004917383194
        ]
    ]
}