{
    "axes":[
        [
            0.11335650086402893,
            0.9932390451431274,
            0.025032049044966698
        ],
        [
            0.03508219122886658,
            0.02117740735411644,
            -0.9991600513458252
        ],
        [
            -0.9929348826408386,
            0.11413946747779846,
            -0.03244440257549286
        ]
    ],
    "centroid":[
        [
            -0.47307443618774414
        ],
        [
            -0.056085824966430664
        ],
        [
            6.25408935546875
        ]
    ],
    "part_id":0,
    "scales":[
        [
            0.49500009417533875
        ],
        [
            0.059999994933605194
        ],
        [
            0.030000004917383194
        ]
    ]
}