{
    "axes":[
        [
            0.9932390451431274,
            -0.1136554554104805,
            0.02363620139658451
        ],
        [
            0.021178890019655228,
            -0.02277994155883789,
            -0.9995161294937134
        ],
        [
            0.1141388937830925,
            0.9932590126991272,
            -0.020218830555677414
        ]
    ],
    "centroid":[
        [
            -0.7158759832382202
        ],
        [
            0.16146144270896912
        ],
        [
            6.171644687652588
        ]
    ],
    "part_id":7,
    "scales":[
        [
            0.4300000071525574
        ],
        [
            0.6000000834465027
        ],
        [
            0.05000000819563866
        ]
    ]
}