{
    "axes":[
        [
            -0.11285771429538727,
            -0.9932389855384827,
            -0.027192072942852974
        ],
        [
            0.40647125244140625,
            -0.021178875118494034,
            -0.9134180545806885
        ],
        [
            0.9066665768623352,
            -0.11413907259702682,
            0.40611329674720764
        ]
    ],
    "centroid":[
        [
            -0.9513602256774902
        ],
        [
            0.24366021156311035
        ],
        [
            6.062919616699219
        ]
    ],
    "part_id":4,
    "scales":[
        [
            0.03999999910593033
        ],
        [
            0.05999999865889549
        ],
        [
            0.6674426794052124
        ]
    ]
}