{
    "axes":[
        [
            0.9960119128227234,
            -0.08265936374664307,
            0.03358209878206253
        ],
        [
            0.024345356971025467,
            -0.11031833291053772,
            -0.9935981035232544
        ],
        [
            0.08583490550518036,
            0.9904530644416809,
            -0.10786599665880203
        ]
    ],
    "centroid":[
        [
            -0.7319751381874084
        ],
        [
            -0.015397131443023682
        ],
        [
            4.757928848266602
        ]
    ],
    "part_id":4,
    "scales":[
        [
            0.900000274181366
        ],
        [
            1.8000001907348633
        ],
        [
            0.05000014975667
        ]
    ]
}