{
    "axes":[
        [
            0.9959449172019958,
            -0.07967057079076767,
            0.041788943111896515
        ],
        [
            0.025175031274557114,
            -0.19913886487483978,
            -0.9796478748321533
        ],
        [
            0.08637090772390366,
            0.9767273664474487,
            -0.1963256299495697
        ]
    ],
    "centroid":[
        [
            -0.4375307857990265
        ],
        [
            0.25829073786735535
        ],
        [
            5.689207553863525
        ]
    ],
    "part_id":2,
    "scales":[
        [
            0.05844157189130783
        ],
        [
            0.06418918818235397
        ],
        [
            0.6766742467880249
        ]
    ]
}