{
    "axes":[
        [
            0.9691047668457031,
            -0.24625398218631744,
            -0.013962182216346264
        ],
        [
            -0.033760782331228256,
            -0.07636141031980515,
            -0.9965084791183472
        ],
        [
            0.24432802200317383,
            0.9661924839019775,
            -0.08231592923402786
        ]
    ],
    "centroid":[
        [
            -0.052153993397951126
        ],
        [
            0.4670686721801758
        ],
        [
            4.662748336791992
        ]
    ],
    "part_id":4,
    "scales":[
        [
            0.6399999260902405
        ],
        [
            0.8000003099441528
        ],
        [
            0.4199999272823334
        ]
    ]
}