{
    "axes":[
        [
            -0.2477346509695053,
            -0.9687272906303406,
            -0.013962164521217346
        ],
        [
            -0.07630979269742966,
            0.03387743607163429,
            -0.9965084791183472
        ],
        [
            0.965817928314209,
            -0.24580422043800354,
            -0.08231599628925323
        ]
    ],
    "centroid":[
        [
            -1.161989450454712
        ],
        [
            0.42531827092170715
        ],
        [
            4.37649393081665
        ]
    ],
    "part_id":1,
    "scales":[
        [
            0.8000001311302185
        ],
        [
            0.38102391362190247
        ],
        [
            0.5799999237060547
        ]
    ]
}