{
    "axes":[
        [
            0.24773471057415009,
            0.9687272906303406,
            -0.01396220549941063
        ],
        [
            0.07630966603755951,
            -0.03387744724750519,
            -0.9965084791183472
        ],
        [
            -0.965817928314209,
            0.24580428004264832,
            -0.08231587707996368
        ]
    ],
    "centroid":[
        [
            0.42599040269851685
        ],
        [
            0.37017011642456055
        ],
        [
            4.782918453216553
        ]
    ],
    "part_id":0,
    "scales":[
        [
            0.8000001311302185
        ],
        [
            0.34999987483024597
        ],
        [
            0.5799998641014099
        ]
    ]
}