{
    "axes":[
        [
            0.2721974551677704,
            0.9621401429176331,
            -0.013962187804281712
        ],
        [
            0.07542698085308075,
            -0.03579984977841377,
            -0.9965084791183472
        ],
        [
            -0.9592806696891785,
            0.2701939344406128,
            -0.08231595158576965
        ]
    ],
    "centroid":[
        [
            1.3609278202056885
        ],
        [
            0.5238139629364014
        ],
        [
            4.050029754638672
        ]
    ],
    "part_id":3,
    "scales":[
        [
            1.5
        ],
        [
            0.8600000739097595
        ],
        [
            0.41999995708465576
        ]
    ]
}