{
    "axes":[
        [
            0.9621400237083435,
            -0.2721976935863495,
            -0.01396222598850727
        ],
        [
            -0.035799916833639145,
            -0.07542701065540314,
            -0.9965084791183472
        ],
        [
            0.2701941728591919,
            0.9592805504798889,
            -0.08231599628925323
        ]
    ],
    "centroid":[
        [
            1.5382497310638428
        ],
        [
            0.2744763195514679
        ],
        [
            3.3838067054748535
        ]
    ],
    "part_id":0,
    "scales":[
        [
            0.8599997758865356
        ],
        [
            0.16999998688697815
        ],
        [
            0.18000000715255737
        ]
    ]
}