{
    "axes":[
        [
            -0.6492000222206116,
            0.7194016575813293,
            0.24698269367218018
        ],
        [
            0.07164688408374786,
            0.38110771775245667,
            -0.9217503070831299
        ],
        [
            -0.7572357058525085,
            -0.5807047486305237,
            -0.29895806312561035
        ]
    ],
    "centroid":[
        [
            0.7549077868461609
        ],
        [
            0.4659465551376343
        ],
        [
            2.542116641998291
        ]
    ],
    "part_id":7,
    "scales":[
        [
            0.5500005483627319
        ],
        [
            0.4900004267692566
        ],
        [
            0.050000011920928955
        ]
    ]
}