{
    "axes":[
        [
            0.7604895830154419,
            0.6491999626159668,
            -0.013962360098958015
        ],
        [
            0.042866721749305725,
            -0.07164712250232697,
            -0.9965084791183472
        ],
        [
            -0.6479336619377136,
            0.7572358250617981,
            -0.08231596648693085
        ]
    ],
    "centroid":[
        [
            1.0204395055770874
        ],
        [
            0.3279552757740021
        ],
        [
            2.7046265602111816
        ]
    ],
    "part_id":1,
    "scales":[
        [
            0.495000422000885
        ],
        [
            0.05999992787837982
        ],
        [
            0.030000006780028343
        ]
    ]
}