{
    "axes":[
        [
            -0.6491999626159668,
            0.7194017767906189,
            0.24698247015476227
        ],
        [
            0.07164707034826279,
            0.38110753893852234,
            -0.9217503666877747
        ],
        [
            -0.7572357654571533,
            -0.5807047486305237,
            -0.29895806312561035
        ]
    ],
    "centroid":[
        [
            1.0268069505691528
        ],
        [
            0.23962220549583435
        ],
        [
            2.2875924110412598
        ]
    ],
    "part_id":2,
    "scales":[
        [
            0.5499997138977051
        ],
        [
            0.05000003054738045
        ],
        [
            0.7500000596046448
        ]
    ]
}