{
    "axes":[
        [
            0.7604895830154419,
            0.6491999626159668,
            -0.013962352648377419
        ],
        [
            0.04286672919988632,
            -0.07164711505174637,
            -0.9965084791183472
        ],
        [
            -0.6479336619377136,
            0.7572358250617981,
            -0.08231596648693085
        ]
    ],
    "centroid":[
        [
            0.8518123626708984
        ],
        [
            0.5829802751541138
        ],
        [
            2.8732104301452637
        ]
    ],
    "part_id":4,
    "scales":[
        [
            0.040000010281801224
        ],
        [
            0.05999991297721863
        ],
        [
            0.5119355916976929
        ]
    ]
}