{
    "axes":[
        [
            0.9691048264503479,
            -0.24625371396541595,
            -0.01396170724183321
        ],
        [
            -0.0337604396045208,
            -0.07636208832263947,
            -0.9965084195137024
        ],
        [
            0.24432775378227234,
            0.9661924839019775,
            -0.08231650292873383
        ]
    ],
    "centroid":[
        [
            0.38616156578063965
        ],
        [
            0.5705381631851196
        ],
        [
            3.925495147705078
        ]
    ],
    "part_id":1,
    "scales":[
        [
            0.09999998658895493
        ],
        [
            0.04000001400709152
        ],
        [
            0.38999998569488525
        ]
    ]
}