{
    "axes":[
        [
            0.8691161274909973,
            0.4946078658103943,
            0.0005237587029114366
        ],
        [
            0.044568125158548355,
            -0.0772596001625061,
            -0.9960143566131592
        ],
        [
            -0.4925960600376129,
            0.8656755089759827,
            -0.08919131010770798
        ]
    ],
    "centroid":[
        [
            -0.27041447162628174
        ],
        [
            -0.9142231941223145
        ],
        [
            6.624797821044922
        ]
    ],
    "part_id":2,
    "scales":[
        [
            0.8999999761581421
        ],
        [
            0.4000000059604645
        ],
        [
            0.4100000858306885
        ]
    ]
}