{
    "axes":[
        [
            0.8691161274909973,
            0.4946078658103943,
            0.0005237567820586264
        ],
        [
            0.044568125158548355,
            -0.0772596076130867,
            -0.9960143566131592
        ],
        [
            -0.4925960600376129,
            0.8656755089759827,
            -0.08919131755828857
        ]
    ],
    "centroid":[
        [
            -1.0531659126281738
        ],
        [
            0.08650058507919312
        ],
        [
            7.161338806152344
        ]
    ],
    "part_id":0,
    "scales":[
        [
            0.8999999761581421
        ],
        [
            0.4000000059604645
        ],
        [
            0.9800001978874207
        ]
    ]
}