{
    "axes":[
        [
            0.8691161274909973,
            0.4946078062057495,
            0.0005237593431957066
        ],
        [
            0.04456812143325806,
            -0.0772596150636673,
            -0.9960143566131592
        ],
        [
            -0.49259600043296814,
            0.8656755089759827,
            -0.08919131755828857
        ]
    ],
    "centroid":[
        [
            1.1030137538909912
        ],
        [
            -1.2720918655395508
        ],
        [
            5.8081440925598145
        ]
    ],
    "part_id":3,
    "scales":[
        [
            0.8999999761581421
        ],
        [
            0.4000000059604645
        ],
        [
            0.4500000774860382
        ]
    ]
}