{
    "axes":[
        [
            0.5947355628013611,
            -0.8039212822914124,
            0.0005236731958575547
        ],
        [
            -0.07139268517494202,
            -0.05346463993191719,
            -0.9960143566131592
        ],
        [
            0.8007451295852661,
            0.5923277735710144,
            -0.08919141441583633
        ]
    ],
    "centroid":[
        [
            -1.9564529657363892
        ],
        [
            0.43593528866767883
        ],
        [
            6.172423362731934
        ]
    ],
    "part_id":3,
    "scales":[
        [
            1.799999713897705
        ],
        [
            0.8000000715255737
        ],
        [
            0.4500000774860382
        ]
    ]
}