{
    "axes":[
        [
            0.5947356224060059,
            -0.8039212226867676,
            0.0005236774450168014
        ],
        [
            -0.07139268517494202,
            -0.053464651107788086,
            -0.9960143566131592
        ],
        [
            0.8007450699806213,
            0.5923278331756592,
            -0.08919142186641693
        ]
    ],
    "centroid":[
        [
            -2.1974074840545654
        ],
        [
            -0.009031951427459717
        ],
        [
            6.3117146492004395
        ]
    ],
    "part_id":2,
    "scales":[
        [
            1.3999998569488525
        ],
        [
            0.20000000298023224
        ],
        [
            0.40000009536743164
        ]
    ]
}