{
    "axes":[
        [
            0.803921103477478,
            0.5947357416152954,
            0.0005237703444436193
        ],
        [
            0.05346466600894928,
            -0.07139254361391068,
            -0.9960143566131592
        ],
        [
            -0.5923279523849487,
            0.8007450103759766,
            -0.08919131755828857
        ]
    ],
    "centroid":[
        [
            -2.431804895401001
        ],
        [
            0.14344757795333862
        ],
        [
            5.501133918762207
        ]
    ],
    "part_id":1,
    "scales":[
        [
            0.8000001907348633
        ],
        [
            0.20000000298023224
        ],
        [
            0.2500000298023224
        ]
    ]
}