{
    "axes":[
        [
            0.11735016107559204,
            -0.9930799603462219,
            0.004621831700205803
        ],
        [
            -0.05369861051440239,
            -0.010992499999701977,
            -0.9984967112541199
        ],
        [
            0.9916378259658813,
            0.11692555993795395,
            -0.054616980254650116
        ]
    ],
    "centroid":[
        [
            -0.970921516418457
        ],
        [
            0.6197588443756104
        ],
        [
            4.2234039306640625
        ]
    ],
    "part_id":2,
    "scales":[
        [
            0.030000006780028343
        ],
        [
            0.019999993965029716
        ],
        [
            0.46000009775161743
        ]
    ]
}