{
    "axes":[
        [
            -0.993080198764801,
            -0.11743838340044022,
            0.0005220887251198292
        ],
        [
            -0.010991153307259083,
            0.0885152518749237,
            -0.9960141777992249
        ],
        [
            0.11692407727241516,
            -0.9891276955604553,
            -0.08919351547956467
        ]
    ],
    "centroid":[
        [
            -1.1505085229873657
        ],
        [
            0.3425951600074768
        ],
        [
            4.465973854064941
        ]
    ],
    "part_id":5,
    "scales":[
        [
            0.4499998390674591
        ],
        [
            0.5000000596046448
        ],
        [
            0.05000000819563866
        ]
    ]
}