{
    "axes":[
        [
            0.11744026094675064,
            -0.9930798411369324,
            0.0005235537537373602
        ],
        [
            -0.08851291984319687,
            -0.010992519557476044,
            -0.9960143566131592
        ],
        [
            0.989127516746521,
            0.11692584306001663,
            -0.08919135481119156
        ]
    ],
    "centroid":[
        [
            -0.9139353036880493
        ],
        [
            0.5778582692146301
        ],
        [
            4.701434135437012
        ]
    ],
    "part_id":1,
    "scales":[
        [
            0.020000003278255463
        ],
        [
            0.02999998815357685
        ],
        [
            0.46000000834465027
        ]
    ]
}