{
    "axes":[
        [
            0.49460768699645996,
            -0.8691162467002869,
            0.0005236729048192501
        ],
        [
            -0.07725975662469864,
            -0.044568102806806564,
            -0.9960143566131592
        ],
        [
            0.8656756281852722,
            0.492595911026001,
            -0.08919142931699753
        ]
    ],
    "centroid":[
        [
            -1.2045336961746216
        ],
        [
            0.5202733874320984
        ],
        [
            5.567873954772949
        ]
    ],
    "part_id":0,
    "scales":[
        [
            0.6999999284744263
        ],
        [
            0.699999988079071
        ],
        [
            0.40000006556510925
        ]
    ]
}