{
    "axes":[
        [
            -0.8691163659095764,
            -0.4946078360080719,
            0.0005230545066297054
        ],
        [
            -0.04456797242164612,
            0.07726076245307922,
            -0.9960142970085144
        ],
        [
            0.4925960600376129,
            -0.8656756281852722,
            -0.08919224143028259
        ]
    ],
    "centroid":[
        [
            -0.6215317249298096
        ],
        [
            0.601158618927002
        ],
        [
            4.31973934173584
        ]
    ],
    "part_id":4,
    "scales":[
        [
            0.019999999552965164
        ],
        [
            0.029999999329447746
        ],
        [
            0.46000003814697266
        ]
    ]
}