{
    "axes":[
        [
            -0.4946080446243286,
            0.8691161870956421,
            0.0005239139427430928
        ],
        [
            0.07725914567708969,
            0.044568050652742386,
            -0.996014416217804
        ],
        [
            -0.8656755685806274,
            -0.49259626865386963,
            -0.08919087797403336
        ]
    ],
    "centroid":[
        [
            -0.15670418739318848
        ],
        [
            0.10933631658554077
        ],
        [
            4.252956867218018
        ]
    ],
    "part_id":0,
    "scales":[
        [
            0.44999995827674866
        ],
        [
            0.15000000596046448
        ],
        [
            0.43000003695487976
        ]
    ]
}