{
    "axes":[
        [
            -0.9906920194625854,
            -0.13612258434295654,
            0.0005224275519140065
        ],
        [
            -0.012656699866056442,
            0.08829206973314285,
            -0.9960142374038696
        ],
        [
            0.1355339139699936,
            -0.9867499470710754,
            -0.08919309824705124
        ]
    ],
    "centroid":[
        [
            -1.7055974006652832
        ],
        [
            0.10527563095092773
        ],
        [
            4.28920841217041
        ]
    ],
    "part_id":1,
    "scales":[
        [
            0.4499998390674591
        ],
        [
            0.17000004649162292
        ],
        [
            0.43000003695487976
        ]
    ]
}