{
    "axes":[
        [
            -0.9906920194625854,
            -0.1361227184534073,
            0.000522343791089952
        ],
        [
            -0.012656645849347115,
            0.0882922038435936,
            -0.9960141777992249
        ],
        [
            0.13553404808044434,
            -0.9867499470710754,
            -0.08919322490692139
        ]
    ],
    "centroid":[
        [
            -1.6860642433166504
        ],
        [
            0.3324239253997803
        ],
        [
            4.453199863433838
        ]
    ],
    "part_id":7,
    "scales":[
        [
            0.4799998700618744
        ],
        [
            0.46000009775161743
        ],
        [
            0.05000000819563866
        ]
    ]
}