{
    "axes":[
        [
            0.13612285256385803,
            -0.9906919002532959,
            0.0005235504359006882
        ],
        [
            -0.08829019218683243,
            -0.01265760324895382,
            -0.9960143566131592
        ],
        [
            0.9867500066757202,
            0.13553409278392792,
            -0.08919136226177216
        ]
    ],
    "centroid":[
        [
            -1.4481968879699707
        ],
        [
            0.5698320865631104
        ],
        [
            4.664713382720947
        ]
    ],
    "part_id":2,
    "scales":[
        [
            0.020000003278255463
        ],
        [
            0.02999998815357685
        ],
        [
            0.46000003814697266
        ]
    ]
}