{
    "axes":[
        [
            -0.0005232668481767178,
            -0.9906919002532959,
            0.13612310588359833
        ],
        [
            0.9960144758224487,
            -0.012657257728278637,
            -0.08829035609960556
        ],
        [
            0.08919159322977066,
            0.13553427159786224,
            0.9867500066757202
        ]
    ],
    "centroid":[
        [
            -1.9213879108428955
        ],
        [
            0.11523616313934326
        ],
        [
            4.410584449768066
        ]
    ],
    "part_id":0,
    "scales":[
        [
            0.030000004917383194
        ],
        [
            0.019999992102384567
        ],
        [
            0.3500000536441803
        ]
    ]
}