{
    "axes":[
        [
            0.9435911178588867,
            0.33111265301704407,
            0.0005236095748841763
        ],
        [
            0.030024580657482147,
            -0.0839877501130104,
            -0.9960143566131592
        ],
        [
            -0.3297489881515503,
            0.9398459792137146,
            -0.08919160813093185
        ]
    ],
    "centroid":[
        [
            1.6241475343704224
        ],
        [
            0.2401515245437622
        ],
        [
            4.909202575683594
        ]
    ],
    "part_id":2,
    "scales":[
        [
            0.4499998986721039
        ],
        [
            0.15000000596046448
        ],
        [
            0.3200000524520874
        ]
    ]
}