{
    "axes":[
        [
            0.4899359941482544,
            -0.6167964935302734,
            -0.6160558462142944
        ],
        [
            -0.07749764621257782,
            0.6730678081512451,
            -0.7355092167854309
        ],
        [
            0.8683068752288818,
            0.4080953299999237,
            0.2819598615169525
        ]
    ],
    "centroid":[
        [
            1.3616979122161865
        ],
        [
            0.3318171501159668
        ],
        [
            4.859089374542236
        ]
    ],
    "part_id":0,
    "scales":[
        [
            0.43999990820884705
        ],
        [
            0.04999999701976776
        ],
        [
            0.21000000834465027
        ]
    ]
}