{
    "axes":[
        [
            -0.16223031282424927,
            0.6973695158958435,
            0.6981097459793091
        ],
        [
            0.08792528510093689,
            0.7148838043212891,
            -0.693693220615387
        ],
        [
            -0.9828278422355652,
            -0.05115659162402153,
            -0.17729218304157257
        ]
    ],
    "centroid":[
        [
            1.7917238473892212
        ],
        [
            0.345603346824646
        ],
        [
            4.707662105560303
        ]
    ],
    "part_id":1,
    "scales":[
        [
            0.4400000274181366
        ],
        [
            0.05000000447034836
        ],
        [
            0.2099999189376831
        ]
    ]
}