{
    "axes":[
        [
            -0.9973829388618469,
            0.05636349692940712,
            0.04528038203716278
        ],
        [
            -0.038803067058324814,
            0.1111365333199501,
            -0.993047297000885
        ],
        [
            -0.061003923416137695,
            -0.9922055006027222,
            -0.10865861177444458
        ]
    ],
    "centroid":[
        [
            -1.50141179561615
        ],
        [
            0.5378875732421875
        ],
        [
            4.268216133117676
        ]
    ],
    "part_id":7,
    "scales":[
        [
            0.5818344950675964
        ],
        [
            0.030000001192092896
        ],
        [
            0.06000000238418579
        ]
    ]
}