{
    "axes":[
        [
            -0.9954684972763062,
            0.05636188015341759,
            0.0765862911939621
        ],
        [
            -0.06997616589069366,
            0.11113636940717697,
            -0.9913384914398193
        ],
        [
            -0.06438522785902023,
            -0.9922054409980774,
            -0.10668879002332687
        ]
    ],
    "centroid":[
        [
            -1.8497828245162964
        ],
        [
            0.24307659268379211
        ],
        [
            5.334487438201904
        ]
    ],
    "part_id":6,
    "scales":[
        [
            0.040000006556510925
        ],
        [
            0.06000000610947609
        ],
        [
            0.6399999856948853
        ]
    ]
}