{
    "axes":[
        [
            -0.9979567527770996,
            0.056363776326179504,
            -0.030090458691120148
        ],
        [
            0.03622223436832428,
            0.11113590002059937,
            -0.9931448698043823
        ],
        [
            -0.052633266896009445,
            -0.9922055602073669,
            -0.11295044422149658
        ]
    ],
    "centroid":[
        [
            -1.4857350587844849
        ],
        [
            0.09819340705871582
        ],
        [
            4.219857215881348
        ]
    ],
    "part_id":0,
    "scales":[
        [
            0.5188207030296326
        ],
        [
            0.05999999865889549
        ],
        [
            0.030000006780028343
        ]
    ]
}