{
    "axes":[
        [
            -0.9946516156196594,
            0.056362081319093704,
            0.08655370771884918
        ],
        [
            -0.0799025148153305,
            0.11113658547401428,
            -0.9905878305435181
        ],
        [
            -0.06545087695121765,
            -0.9922056198120117,
            -0.10603870451450348
        ]
    ],
    "centroid":[
        [
            -1.7871993780136108
        ],
        [
            0.36647728085517883
        ],
        [
            4.23278284072876
        ]
    ],
    "part_id":3,
    "scales":[
        [
            0.03999999910593033
        ],
        [
            0.06000000610947609
        ],
        [
            0.6399999260902405
        ]
    ]
}