{
    "axes":[
        [
            -0.9637711048126221,
            0.24421297013759613,
            0.10726437717676163
        ],
        [
            -0.08162666857242584,
            0.11281134188175201,
            -0.9902579188346863
        ],
        [
            -0.25393447279930115,
            -0.9631375670433044,
            -0.08878999948501587
        ]
    ],
    "centroid":[
        [
            0.36026275157928467
        ],
        [
            0.215590238571167
        ],
        [
            4.003634452819824
        ]
    ],
    "part_id":0,
    "scales":[
        [
            0.4949999153614044
        ],
        [
            0.060000017285346985
        ],
        [
            0.030000004917383194
        ]
    ]
}