{
    "axes":[
        [
            0.8164953589439392,
            -0.24421223998069763,
            -0.5231594443321228
        ],
        [
            -0.5597525835037231,
            -0.11281298100948334,
            -0.8209447860717773
        ],
        [
            0.14146560430526733,
            0.9631373882293701,
            -0.2288096696138382
        ]
    ],
    "centroid":[
        [
            0.4548472464084625
        ],
        [
            0.45338401198387146
        ],
        [
            4.564767837524414
        ]
    ],
    "part_id":3,
    "scales":[
        [
            0.03999999165534973
        ],
        [
            0.06000002101063728
        ],
        [
            0.6962507367134094
        ]
    ]
}