{
    "axes":[
        [
            0.8384436368942261,
            -0.09561058133840561,
            -0.5365359783172607
        ],
        [
            -0.5444579720497131,
            -0.1035279780626297,
            -0.832374632358551
        ],
        [
            0.024037335067987442,
            0.9900205135345459,
            -0.13885831832885742
        ]
    ],
    "centroid":[
        [
            0.2691887617111206
        ],
        [
            0.42301082611083984
        ],
        [
            5.01114559173584
        ]
    ],
    "part_id":6,
    "scales":[
        [
            0.03999999538064003
        ],
        [
            0.05999999865889549
        ],
        [
            0.6962507963180542
        ]
    ]
}