{
    "axes":[
        [
            0.8384436368942261,
            -0.09561058133840561,
            -0.5365359783172607
        ],
        [
            -0.5444579720497131,
            -0.1035279780626297,
            -0.832374632358551
        ],
        [
            0.024037335067987442,
            0.9900205135345459,
            -0.13885831832885742
        ]
    ],
    "centroid":[
        [
            0.22228896617889404
        ],
        [
            0.37222784757614136
        ],
        [
            5.496774196624756
        ]
    ],
    "part_id":3,
    "scales":[
        [
            0.03999999538064003
        ],
        [
            0.05999999865889549
        ],
        [
            0.6962507963180542
        ]
    ]
}