{
    "axes":[
        [
            0.8406081199645996,
            -0.09561063349246979,
            0.5331383943557739
        ],
        [
            0.5242899656295776,
            -0.10352857410907745,
            -0.8452230095863342
        ],
        [
            0.1360073685646057,
            0.9900204539299011,
            -0.036899276077747345
        ]
    ],
    "centroid":[
        [
            -0.12903007864952087
        ],
        [
            0.41260480880737305
        ],
        [
            4.971599578857422
        ]
    ],
    "part_id":5,
    "scales":[
        [
            0.03999999910593033
        ],
        [
            0.05999999865889549
        ],
        [
            0.6674427390098572
        ]
    ]
}