{
    "axes":[
        [
            -0.07233984768390656,
            -0.9932390451431274,
            0.09079230576753616
        ],
        [
            -0.6560550332069397,
            -0.02117946371436119,
            -0.7544158101081848
        ],
        [
            0.7512381672859192,
            -0.11413908749818802,
            -0.6500873565673828
        ]
    ],
    "centroid":[
        [
            -0.9958562850952148
        ],
        [
            0.1995716094970703
        ],
        [
            6.458301067352295
        ]
    ],
    "part_id":3,
    "scales":[
        [
            0.03999999538064003
        ],
        [
            0.05999999865889549
        ],
        [
            0.6962507963180542
        ]
    ]
}