{
    "axes":[
        [
            0.9932390451431274,
            -0.11595934629440308,
            -0.005444372538477182
        ],
        [
            0.021178852766752243,
            0.22711844742298126,
            -0.9736368060112
        ],
        [
            0.11413881182670593,
            0.9669387936592102,
            0.22803878784179688
        ]
    ],
    "centroid":[
        [
            -0.7426080703735352
        ],
        [
            -0.19591528177261353
        ],
        [
            6.472958087921143
        ]
    ],
    "part_id":2,
    "scales":[
        [
            0.4300000071525574
        ],
        [
            0.05000000819563866
        ],
        [
            0.6500000357627869
        ]
    ]
}