{
    "axes":[
        [
            0.9960597157478333,
            -0.08506570011377335,
            0.025077201426029205
        ],
        [
            0.02340647019445896,
            -0.020581459626555443,
            -0.9995141625404358
        ],
        [
            0.08554049581289291,
            0.9961627721786499,
            -0.01850927621126175
        ]
    ],
    "centroid":[
        [
            -1.0507664680480957
        ],
        [
            0.4312756359577179
        ],
        [
            3.904852867126465
        ]
    ],
    "part_id":0,
    "scales":[
        [
            0.05844157189130783
        ],
        [
            0.06418918818235397
        ],
        [
            0.6766743063926697
        ]
    ]
}