{
    "axes":[
        [
            -0.3738964796066284,
            0.9274637699127197,
            0.0036005654837936163
        ],
        [
            0.08449636399745941,
            0.03792920708656311,
            -0.9957016110420227
        ],
        [
            -0.9236137270927429,
            -0.3719850778579712,
            -0.09254889190196991
        ]
    ],
    "centroid":[
        [
            0.6663417220115662
        ],
        [
            0.46366870403289795
        ],
        [
            4.719126224517822
        ]
    ],
    "part_id":3,
    "scales":[
        [
            2.3499999046325684
        ],
        [
            0.800000011920929
        ],
        [
            0.44999998807907104
        ]
    ]
}