{
    "axes":[
        [
            0.9974602460861206,
            0.07122497260570526,
            -1.6904169797271607e-06
        ],
        [
            -5.539044991564879e-07,
            -3.6787798762816237e-06,
            -1.0
        ],
        [
            0.07122483849525452,
            -0.9974602460861206,
            4.507778612605762e-06
        ]
    ],
    "centroid":[
        [
            -0.36937975883483887
        ],
        [
            0.3975644111633301
        ],
        [
            3.3193814754486084
        ]
    ],
    "part_id":0,
    "scales":[
        [
            0.7532570958137512
        ],
        [
            0.5184731483459473
        ],
        [
            0.211561918258667
        ]
    ]
}