{
    "axes":[
        [
            -0.1342909336090088,
            0.9909419417381287,
            -2.3845568648539484e-05
        ],
        [
            -0.010275036096572876,
            -0.001416616141796112,
            -0.9999461770057678
        ],
        [
            0.9908887147903442,
            0.13428330421447754,
            -0.010374343954026699
        ]
    ],
    "centroid":[
        [
            -0.3549257218837738
        ],
        [
            0.14987033605575562
        ],
        [
            4.278948783874512
        ]
    ],
    "part_id":0,
    "scales":[
        [
            0.8000003099441528
        ],
        [
            0.800000011920929
        ],
        [
            0.11748171597719193
        ]
    ]
}