{
    "axes":[
        [
            -0.9986233115196228,
            -0.052455682307481766,
            5.375579803512665e-07
        ],
        [
            -5.265847562441195e-07,
            4.3101624669361627e-07,
            -1.0
        ],
        [
            -0.05245521292090416,
            0.998623251914978,
            0.0
        ]
    ],
    "centroid":[
        [
            -0.3442103862762451
        ],
        [
            0.5777451395988464
        ],
        [
            5.227555751800537
        ]
    ],
    "part_id":0,
    "scales":[
        [
            0.45276394486427307
        ],
        [
            0.4148658812046051
        ],
        [
            0.27720099687576294
        ]
    ]
}