{
    "axes":[
        [
            -0.9709654450416565,
            -0.2392197698354721,
            4.235580945533002e-06
        ],
        [
            0.002458016388118267,
            -0.009993785060942173,
            -0.9999470710754395
        ],
        [
            -0.2392072081565857,
            0.9709140658378601,
            -0.010290873236954212
        ]
    ],
    "centroid":[
        [
            0.13972631096839905
        ],
        [
            0.1313341110944748
        ],
        [
            2.8435018062591553
        ]
    ],
    "part_id":0,
    "scales":[
        [
            0.9054729342460632
        ],
        [
            0.34115955233573914
        ],
        [
            0.4503157138824463
        ]
    ]
}