{
    "axes":[
        [
            0.9950969815254211,
            0.0989033654332161,
            2.966439183182956e-07
        ],
        [
            -1.084398135731135e-07,
            1.189600311590766e-06,
            -1.0
        ],
        [
            0.09890376031398773,
            -0.9950970411300659,
            -5.932878366365912e-07
        ]
    ],
    "centroid":[
        [
            0.03234265744686127
        ],
        [
            0.14851339161396027
        ],
        [
            2.9749252796173096
        ]
    ],
    "part_id":0,
    "scales":[
        [
            1.6489694118499756
        ],
        [
            0.20041906833648682
        ],
        [
            0.4018598794937134
        ]
    ]
}