{
    "axes":[
        [
            0.5588871836662292,
            0.8292439579963684,
            6.0845891312055755e-06
        ],
        [
            -0.001308811130002141,
            0.0008899311651475728,
            -0.9999987483024597
        ],
        [
            0.8292427062988281,
            -0.5588861703872681,
            -0.0015830994816496968
        ]
    ],
    "centroid":[
        [
            0.2803274989128113
        ],
        [
            0.23963411152362823
        ],
        [
            3.039795160293579
        ]
    ],
    "part_id":0,
    "scales":[
        [
            0.7500612139701843
        ],
        [
            0.16513103246688843
        ],
        [
            0.21551203727722168
        ]
    ]
}