{
    "axes":[
        [
            -0.9959595799446106,
            0.08980290591716766,
            7.065225418045884e-06
        ],
        [
            -0.0009315586648881435,
            -0.010253919288516045,
            -0.9999470114707947
        ],
        [
            0.08979807794094086,
            0.9959068298339844,
            -0.010298272594809532
        ]
    ],
    "centroid":[
        [
            -0.25672414898872375
        ],
        [
            0.4226336181163788
        ],
        [
            5.136722087860107
        ]
    ],
    "part_id":0,
    "scales":[
        [
            0.4309627413749695
        ],
        [
            0.4285941421985626
        ],
        [
            0.042181700468063354
        ]
    ]
}