{
    "axes":[
        [
            -0.147328183054924,
            0.9890888333320618,
            0.0
        ],
        [
            0.0,
            0.0,
            -1.0
        ],
        [
            0.989087700843811,
            0.14732074737548828,
            0.0
        ]
    ],
    "centroid":[
        [
            -0.2962167263031006
        ],
        [
            0.5104603171348572
        ],
        [
            4.494593143463135
        ]
    ],
    "part_id":0,
    "scales":[
        [
            0.0858500748872757
        ],
        [
            0.0462237112224102
        ],
        [
            0.4087890386581421
        ]
    ]
}