{
    "axes":[
        [
            -0.07560289651155472,
            0.9971380829811096,
            2.0948697056155652e-05
        ],
        [
            3.955943611799739e-06,
            2.1175455913180485e-05,
            -1.0
        ],
        [
            0.9971379637718201,
            0.07560258358716965,
            5.431143563328078e-06
        ]
    ],
    "centroid":[
        [
            0.8047080636024475
        ],
        [
            0.3886653184890747
        ],
        [
            3.2904655933380127
        ]
    ],
    "part_id":1,
    "scales":[
        [
            0.7684226632118225
        ],
        [
            0.21110990643501282
        ],
        [
            0.6145777702331543
        ]
    ]
}