{
    "axes":[
        [
            0.9959622025489807,
            0.0897730141878128,
            -1.6056173990364186e-07
        ],
        [
            -2.4089163730423024e-07,
            -1.393153524986701e-06,
            -1.0
        ],
        [
            0.0897732526063919,
            -0.9959622025489807,
            1.284493919229135e-06
        ]
    ],
    "centroid":[
        [
            0.35560551285743713
        ],
        [
            0.4176692068576813
        ],
        [
            3.3741519451141357
        ]
    ],
    "part_id":0,
    "scales":[
        [
            0.742300271987915
        ],
        [
            0.5134077072143555
        ],
        [
            0.18561285734176636
        ]
    ]
}