{
    "axes":[
        [
            -0.964491069316864,
            -0.2641153931617737,
            6.5138151512655895e-06
        ],
        [
            0.0027116141282022,
            -0.009932750836014748,
            -0.9999468922615051
        ],
        [
            -0.2641015648841858,
            0.9644399285316467,
            -0.010301848873496056
        ]
    ],
    "centroid":[
        [
            -0.3481482267379761
        ],
        [
            0.12209370732307434
        ],
        [
            4.4151153564453125
        ]
    ],
    "part_id":0,
    "scales":[
        [
            0.7439770698547363
        ],
        [
            0.7405146360397339
        ],
        [
            0.05947823077440262
        ]
    ]
}