{
    "axes":[
        [
            -0.993578314781189,
            0.11314638704061508,
            7.04201056578313e-06
        ],
        [
            -0.0011719143949449062,
            -0.010228733532130718,
            -0.9999470114707947
        ],
        [
            0.11314094811677933,
            0.9935256838798523,
            -0.010297032073140144
        ]
    ],
    "centroid":[
        [
            -0.280929833650589
        ],
        [
            0.5586943030357361
        ],
        [
            5.1600661277771
        ]
    ],
    "part_id":0,
    "scales":[
        [
            0.4527639150619507
        ],
        [
            0.4148659110069275
        ],
        [
            0.27720096707344055
        ]
    ]
}