{
    "axes":[
        [
            0.8282789587974548,
            -0.5603161454200745,
            9.922185199684463e-06
        ],
        [
            0.0008964695734903216,
            0.0013073771260678768,
            -0.9999987483024597
        ],
        [
            -0.5603152513504028,
            -0.8282778859138489,
            -0.0015858958940953016
        ]
    ],
    "centroid":[
        [
            -0.03246258199214935
        ],
        [
            0.40960338711738586
        ],
        [
            3.387998580932617
        ]
    ],
    "part_id":1,
    "scales":[
        [
            0.7485905885696411
        ],
        [
            0.5440147519111633
        ],
        [
            0.1441730260848999
        ]
    ]
}