{
    "axes":[
        [
            -0.9971175193786621,
            -0.07587197422981262,
            3.532615266976791e-07
        ],
        [
            -4.149173093992431e-07,
            0.0,
            -1.0
        ],
        [
            -0.07587233185768127,
            0.9971175789833069,
            0.0
        ]
    ],
    "centroid":[
        [
            -0.3167150020599365
        ],
        [
            0.44145119190216064
        ],
        [
            5.209910869598389
        ]
    ],
    "part_id":0,
    "scales":[
        [
            0.43096283078193665
        ],
        [
            0.42859402298927307
        ],
        [
            0.04218167066574097
        ]
    ]
}