{
    "axes":[
        [
            -0.574882984161377,
            -0.8182353377342224,
            1.0844046300917398e-05
        ],
        [
            0.00129124044906348,
            -0.0009202363435178995,
            -0.9999986886978149
        ],
        [
            -0.8182346224784851,
            0.5748825669288635,
            -0.0015880995197221637
        ]
    ],
    "centroid":[
        [
            -0.9822114109992981
        ],
        [
            0.22202932834625244
        ],
        [
            3.9976913928985596
        ]
    ],
    "part_id":0,
    "scales":[
        [
            0.5759709477424622
        ],
        [
            0.30426186323165894
        ],
        [
            0.26933005452156067
        ]
    ]
}