{
    "axes":[
        [
            0.12107875198125839,
            -0.9926429390907288,
            0.0
        ],
        [
            8.350327362904864e-08,
            0.0,
            -1.0
        ],
        [
            -0.992642879486084,
            -0.12107893824577332,
            0.0
        ]
    ],
    "centroid":[
        [
            -0.782339870929718
        ],
        [
            0.19324441254138947
        ],
        [
            3.1736505031585693
        ]
    ],
    "part_id":0,
    "scales":[
        [
            0.7138000726699829
        ],
        [
            0.18190111219882965
        ],
        [
            0.27314192056655884
        ]
    ]
}