{
    "axes":[
        [
            0.9794689416885376,
            0.2015950232744217,
            -1.0608952152324491e-06
        ],
        [
            -0.002079297322779894,
            0.01009718980640173,
            -0.9999468922615051
        ],
        [
            0.201584592461586,
            -0.9794169068336487,
            -0.01030871830880642
        ]
    ],
    "centroid":[
        [
            0.06288175284862518
        ],
        [
            0.5236354470252991
        ],
        [
            3.211013078689575
        ]
    ],
    "part_id":0,
    "scales":[
        [
            0.871926486492157
        ],
        [
            0.6675276160240173
        ],
        [
            0.4494667947292328
        ]
    ]
}