{
    "axes":[
        [
            0.7820315957069397,
            0.6232389211654663,
            1.0444741747051012e-05
        ],
        [
            -0.0009805553127080202,
            0.001248674001544714,
            -0.9999987483024597
        ],
        [
            0.6232380270957947,
            -0.782030463218689,
            -0.001582958735525608
        ]
    ],
    "centroid":[
        [
            0.2990082800388336
        ],
        [
            0.3749576807022095
        ],
        [
            6.358948230743408
        ]
    ],
    "part_id":0,
    "scales":[
        [
            1.0640394687652588
        ],
        [
            0.5672988891601562
        ],
        [
            0.10271997004747391
        ]
    ]
}