{
    "axes":[
        [
            -0.7991551160812378,
            -0.6011249423027039,
            1.253725804417627e-05
        ],
        [
            0.0009444066090509295,
            -0.0012763668783009052,
            -0.9999987483024597
        ],
        [
            -0.6011240482330322,
            0.7991540431976318,
            -0.0015867379261180758
        ]
    ],
    "centroid":[
        [
            -0.1295708268880844
        ],
        [
            0.3313760459423065
        ],
        [
            7.131282329559326
        ]
    ],
    "part_id":0,
    "scales":[
        [
            0.7532575726509094
        ],
        [
            0.5184720754623413
        ],
        [
            0.21156194806098938
        ]
    ]
}