{
    "axes":[
        [
            0.01800207793712616,
            0.9998375177383423,
            6.561352165590506e-06
        ],
        [
            -0.010294142179191113,
            0.00019084314408246428,
            -0.9999470114707947
        ],
        [
            0.9997849464416504,
            -0.018021780997514725,
            -0.01029636524617672
        ]
    ],
    "centroid":[
        [
            -0.35461339354515076
        ],
        [
            0.49893712997436523
        ],
        [
            4.428584575653076
        ]
    ],
    "part_id":0,
    "scales":[
        [
            0.08585058152675629
        ],
        [
            0.04622375965118408
        ],
        [
            0.4087890684604645
        ]
    ]
}