{
    "axes":[
        [
            -0.9076458811759949,
            -0.4197368621826172,
            0.0
        ],
        [
            -1.3619762739836005e-06,
            -6.4392639842481e-07,
            -1.0
        ],
        [
            -0.41973674297332764,
            0.9076458215713501,
            0.0
        ]
    ],
    "centroid":[
        [
            -0.28825950622558594
        ],
        [
            0.1334982067346573
        ],
        [
            4.486202716827393
        ]
    ],
    "part_id":0,
    "scales":[
        [
            0.7439769506454468
        ],
        [
            0.7405149936676025
        ],
        [
            0.05947822332382202
        ]
    ]
}