{
    "axes":[
        [
            0.8285656571388245,
            -0.5598913431167603,
            9.839364793151617e-06
        ],
        [
            0.0008958810940384865,
            0.0013074470916762948,
            -0.9999987483024597
        ],
        [
            -0.5598911643028259,
            -0.8285649418830872,
            -0.0015850322088226676
        ]
    ],
    "centroid":[
        [
            -0.5934826731681824
        ],
        [
            0.40301188826560974
        ],
        [
            3.761462450027466
        ]
    ],
    "part_id":0,
    "scales":[
        [
            0.7365410923957825
        ],
        [
            0.5338649749755859
        ],
        [
            0.1332710236310959
        ]
    ]
}