{
    "axes":[
        [
            -0.7878316044807434,
            -0.6158907413482666,
            1.0757633390312549e-05
        ],
        [
            0.0009682641248218715,
            -0.001256391522474587,
            -0.9999988079071045
        ],
        [
            -0.6158900260925293,
            0.787830650806427,
            -0.0015876340912654996
        ]
    ],
    "centroid":[
        [
            -0.7087929248809814
        ],
        [
            0.3521718680858612
        ],
        [
            6.691877841949463
        ]
    ],
    "part_id":0,
    "scales":[
        [
            0.7423001527786255
        ],
        [
            0.5134080052375793
        ],
        [
            0.18561290204524994
        ]
    ]
}