{
    "axes":[
        [
            0.8324615359306335,
            -0.5540834069252014,
            9.979213245969731e-06
        ],
        [
            0.00088640017202124,
            0.0013140799710527062,
            -0.9999986886978149
        ],
        [
            -0.5540821552276611,
            -0.8324601650238037,
            -0.0015842861030250788
        ]
    ],
    "centroid":[
        [
            -0.8930540084838867
        ],
        [
            0.17428641021251678
        ],
        [
            3.504179000854492
        ]
    ],
    "part_id":0,
    "scales":[
        [
            0.8879839777946472
        ],
        [
            0.29716596007347107
        ],
        [
            0.3464270532131195
        ]
    ]
}