{
    "axes":[
        [
            -0.6403841376304626,
            0.7680543661117554,
            9.819836122915149e-06
        ],
        [
            -0.0012237824266776443,
            -0.0010076037142425776,
            -0.9999988079071045
        ],
        [
            0.7680538296699524,
            0.640383780002594,
            -0.0015851398929953575
        ]
    ],
    "centroid":[
        [
            0.1382085531949997
        ],
        [
            0.12650974094867706
        ],
        [
            7.477468013763428
        ]
    ],
    "part_id":0,
    "scales":[
        [
            0.7138000130653381
        ],
        [
            0.18190115690231323
        ],
        [
            0.27314192056655884
        ]
    ]
}