{
    "axes":[
        [
            0.826639711856842,
            -0.5627312064170837,
            9.669937753642444e-06
        ],
        [
            0.0008999307756312191,
            0.001304682926274836,
            -0.9999988079071045
        ],
        [
            -0.5627307891845703,
            -0.8266388773918152,
            -0.0015848244074732065
        ]
    ],
    "centroid":[
        [
            -0.16943280398845673
        ],
        [
            0.17584390938282013
        ],
        [
            3.0030527114868164
        ]
    ],
    "part_id":0,
    "scales":[
        [
            0.8745005130767822
        ],
        [
            0.2891870439052582
        ],
        [
            0.34209710359573364
        ]
    ]
}