{
    "axes":[
        [
            -1.0,
            1.509987583858674e-07,
            -0.0003310782485641539
        ],
        [
            0.0003310782485641539,
            5.910474332182503e-09,
            -0.9999999403953552
        ],
        [
            -1.509967972879167e-07,
            -1.0,
            -5.960466342713744e-09
        ]
    ],
    "centroid":[
        [
            -0.26104649901390076
        ],
        [
            0.5717751979827881
        ],
        [
            3.7695391178131104
        ]
    ],
    "part_id":3,
    "scales":[
        [
            2.3499999046325684
        ],
        [
            0.7999999523162842
        ],
        [
            0.44999998807907104
        ]
    ]
}