{
    "axes":[
        [
            -0.0015281469095498323,
            -0.9999988675117493,
            -0.00033108520437963307
        ],
        [
            5.005948651159997e-07,
            0.00033108482602983713,
            -0.9999999403953552
        ],
        [
            0.999998927116394,
            -0.0015281469095498323,
            -5.328375962676546e-09
        ]
    ],
    "centroid":[
        [
            -1.3353965282440186
        ],
        [
            0.22065317630767822
        ],
        [
            3.7695157527923584
        ]
    ],
    "part_id":0,
    "scales":[
        [
            0.8000000715255737
        ],
        [
            0.20000003278255463
        ],
        [
            0.25
        ]
    ]
}