{
    "axes":[
        [
            0.0015278360806405544,
            0.9999988675117493,
            -0.00033107164199464023
        ],
        [
            -5.009167125535896e-07,
            -0.0003310712636448443,
            -0.9999999403953552
        ],
        [
            -0.999998927116394,
            0.0015278361970558763,
            -4.9299573312566736e-09
        ]
    ],
    "centroid":[
        [
            0.81307053565979
        ],
        [
            0.21994197368621826
        ],
        [
            6.169562339782715
        ]
    ],
    "part_id":0,
    "scales":[
        [
            0.8000000715255737
        ],
        [
            0.20000003278255463
        ],
        [
            0.25
        ]
    ]
}