{
    "axes":[
        [
            0.001528004533611238,
            0.9999988675117493,
            -0.00033107164199464023
        ],
        [
            -5.009549681744829e-07,
            -0.0003310712636448443,
            -0.9999999403953552
        ],
        [
            -0.999998927116394,
            0.0015280046500265598,
            -4.947582787906413e-09
        ]
    ],
    "centroid":[
        [
            -0.26787686347961426
        ],
        [
            0.1411336064338684
        ],
        [
            6.446414947509766
        ]
    ],
    "part_id":2,
    "scales":[
        [
            0.25059860944747925
        ],
        [
            1.950000286102295
        ],
        [
            0.40000003576278687
        ]
    ]
}