{
    "axes":[
        [
            -0.8316330909729004,
            -0.5553256869316101,
            0.0
        ],
        [
            -2.710807045502861e-08,
            0.0,
            -1.0
        ],
        [
            -0.5553255081176758,
            0.8316329717636108,
            0.0
        ]
    ],
    "centroid":[
        [
            -0.32728490233421326
        ],
        [
            0.1901492476463318
        ],
        [
            5.042812824249268
        ]
    ],
    "part_id":0,
    "scales":[
        [
            1.0993893146514893
        ],
        [
            0.5822222828865051
        ],
        [
            0.05811646580696106
        ]
    ]
}