{
    "axes":[
        [
            0.5522541403770447,
            -0.8336760997772217,
            -7.761210326862056e-06
        ],
        [
            -1.8387484033155488e-06,
            8.348759365617298e-06,
            -1.0
        ],
        [
            -0.8336758613586426,
            -0.5522537231445312,
            -3.028765149792889e-06
        ]
    ],
    "centroid":[
        [
            -0.31660786271095276
        ],
        [
            0.26235517859458923
        ],
        [
            3.644467353820801
        ]
    ],
    "part_id":0,
    "scales":[
        [
            0.8103969693183899
        ],
        [
            0.19990156590938568
        ],
        [
            0.6297446489334106
        ]
    ]
}