{
    "axes":[
        [
            -0.5323137640953064,
            0.8465468287467957,
            4.20219578245451e-07
        ],
        [
            -7.691834298384492e-07,
            3.275924882473191e-07,
            -1.0
        ],
        [
            0.8465471267700195,
            0.5323142409324646,
            -8.40439156490902e-07
        ]
    ],
    "centroid":[
        [
            1.0240634679794312
        ],
        [
            0.305034339427948
        ],
        [
            4.636437892913818
        ]
    ],
    "part_id":1,
    "scales":[
        [
            0.6199264526367188
        ],
        [
            0.1819475293159485
        ],
        [
            0.5673666596412659
        ]
    ]
}