{
    "axes":[
        [
            0.8305308222770691,
            0.5569729208946228,
            0.0
        ],
        [
            3.9694896258879453e-07,
            0.0,
            -1.0
        ],
        [
            0.5569727420806885,
            -0.8305306434631348,
            0.0
        ]
    ],
    "centroid":[
        [
            -0.030442168936133385
        ],
        [
            0.30267420411109924
        ],
        [
            4.01361608505249
        ]
    ],
    "part_id":0,
    "scales":[
        [
            0.7507847547531128
        ],
        [
            0.5381444096565247
        ],
        [
            0.2836487889289856
        ]
    ]
}