{
    "axes":[
        [
            0.8301334977149963,
            0.5575650334358215,
            1.9089777651970508e-06
        ],
        [
            3.9062129530975653e-07,
            3.292281917310902e-06,
            -1.0
        ],
        [
            0.5575647354125977,
            -0.8301332592964172,
            -2.4434916667814832e-06
        ]
    ],
    "centroid":[
        [
            0.5944556593894958
        ],
        [
            0.37950316071510315
        ],
        [
            4.42602014541626
        ]
    ],
    "part_id":1,
    "scales":[
        [
            0.7629466652870178
        ],
        [
            0.5250263214111328
        ],
        [
            0.39029163122177124
        ]
    ]
}