{
    "axes":[
        [
            0.8372029662132263,
            0.5468925833702087,
            -0.00014937217929400504
        ],
        [
            1.495041033194866e-07,
            -0.0002730966079980135,
            -0.9999999403953552
        ],
        [
            0.5468922853469849,
            -0.8372027277946472,
            0.0002282993373228237
        ]
    ],
    "centroid":[
        [
            0.4968034029006958
        ],
        [
            0.014700052328407764
        ],
        [
            3.82794189453125
        ]
    ],
    "part_id":0,
    "scales":[
        [
            1.5947293043136597
        ],
        [
            0.34004098176956177
        ],
        [
            0.4145967960357666
        ]
    ]
}