{
    "axes":[
        [
            -0.9112437963485718,
            -0.41186726093292236,
            -0.00023976982629392296
        ],
        [
            -0.037928979843854904,
            0.08449637144804001,
            -0.9957016110420227
        ],
        [
            0.41011714935302734,
            -0.9073178172111511,
            -0.09261850267648697
        ]
    ],
    "centroid":[
        [
            1.292624831199646
        ],
        [
            0.033958859741687775
        ],
        [
            5.621803283691406
        ]
    ],
    "part_id":1,
    "scales":[
        [
            0.8000001907348633
        ],
        [
            0.19999997317790985
        ],
        [
            0.2500000298023224
        ]
    ]
}