{
    "axes":[
        [
            -0.4118667542934418,
            0.9112442135810852,
            -0.0002394860057393089
        ],
        [
            0.08449636399745941,
            0.03792921453714371,
            -0.9957016110420227
        ],
        [
            -0.9073182344436646,
            -0.41011661291122437,
            -0.09261858463287354
        ]
    ],
    "centroid":[
        [
            0.8504235744476318
        ],
        [
            0.4741053879261017
        ],
        [
            4.678622245788574
        ]
    ],
    "part_id":3,
    "scales":[
        [
            2.3499999046325684
        ],
        [
            0.800000011920929
        ],
        [
            0.44999998807907104
        ]
    ]
}